{
  "type": "FeatureCollection",
  "features": [
    {
      "type": "Feature",
      "properties": {
        "amenity": "drinking_water",
        "check_date": "2023-05-29",
        "fountain": "drinking"
      },
      "geometry": {
        "type": "Point",
        "coordinates": [
          7.6621164,
          45.0661504
        ]
      }
    },
    {
      "type": "Feature",
      "properties": {
        "amenity": "drinking_water",
        "fountain": "drinking",
        "wheelchair": "no"
      },
      "geometry": {
        "type": "Point",
        "coordinates": [
          7.6613128,
          45.0649796
        ]
      }
    },
    {
      "type": "Feature",
      "properties": {
        "addr:city": "Torino",
        "addr:country": "IT",
        "addr:housenumber": "42b",
        "addr:street": "Via Paolo Borsellino",
        "amenity": "cafe",
        "level": "0",
        "name": "Exco Caf\u00e8",
        "operator": "Margel s.n.c.",
        "outdoor_seating": "yes",
        "phone": "+39 011 433 6608",
        "toilets:wheelchair": "yes",
        "wheelchair": "yes"
      },
      "geometry": {
        "type": "Point",
        "coordinates": [
          7.657334,
          45.0664959
        ]
      }
    },
    {
      "type": "Feature",
      "properties": {
        "addr:housenumber": "4b",
        "addr:street": "Via Andrea Vochieri",
        "amenity": "restaurant",
        "cuisine": "italian",
        "name": "New college s.n.c.",
        "phone": "+39 011 4476093",
        "wheelchair": "yes"
      },
      "geometry": {
        "type": "Point",
        "coordinates": [
          7.6565754,
          45.0661483
        ]
      }
    },
    {
      "type": "Feature",
      "properties": {
        "amenity": "bicycle_parking",
        "bicycle_parking": "anchors",
        "capacity": "12",
        "covered": "no"
      },
      "geometry": {
        "type": "Point",
        "coordinates": [
          7.6607528,
          45.0659799
        ]
      }
    },
    {
      "type": "Feature",
      "properties": {
        "amenity": "bicycle_parking",
        "bicycle_parking": "anchors",
        "capacity": "12",
        "covered": "no"
      },
      "geometry": {
        "type": "Point",
        "coordinates": [
          7.6610542,
          45.0664023
        ]
      }
    },
    {
      "type": "Feature",
      "properties": {
        "amenity": "waste_basket",
        "check_date": "2021-12-13"
      },
      "geometry": {
        "type": "Point",
        "coordinates": [
          7.6596924,
          45.0646928
        ]
      }
    },
    {
      "type": "Feature",
      "properties": {
        "amenity": "bicycle_parking",
        "bicycle_parking": "stands",
        "capacity": "120"
      },
      "geometry": {
        "type": "Point",
        "coordinates": [
          7.6570752,
          45.065359
        ]
      }
    },
    {
      "type": "Feature",
      "properties": {
        "amenity": "dentist",
        "healthcare": "dentist",
        "name": "Clinica Odontostomatologica San Giorgio"
      },
      "geometry": {
        "type": "Point",
        "coordinates": [
          7.6626837,
          45.0653049
        ]
      }
    },
    {
      "type": "Feature",
      "properties": {
        "amenity": "vending_machine",
        "payment:coins": "yes",
        "vending": "public_transport_tickets"
      },
      "geometry": {
        "type": "Point",
        "coordinates": [
          7.6622548,
          45.0654383
        ]
      }
    },
    {
      "type": "Feature",
      "properties": {
        "amenity": "vending_machine",
        "payment:coins": "yes",
        "vending": "public_transport_tickets"
      },
      "geometry": {
        "type": "Point",
        "coordinates": [
          7.6611156,
          45.0656056
        ]
      }
    },
    {
      "type": "Feature",
      "properties": {
        "amenity": "bicycle_parking",
        "bicycle_parking": "ground_slots",
        "covered": "yes"
      },
      "geometry": {
        "type": "Point",
        "coordinates": [
          7.6562766,
          45.0663905
        ]
      }
    },
    {
      "type": "Feature",
      "properties": {
        "amenity": "telephone",
        "check_date": "2025-01-07",
        "operator": "TIM",
        "operator:wikidata": "Q144617"
      },
      "geometry": {
        "type": "Point",
        "coordinates": [
          7.6627343,
          45.0626954
        ]
      }
    },
    {
      "type": "Feature",
      "properties": {
        "amenity": "recycling",
        "recycling:cans": "yes",
        "recycling:glass": "no",
        "recycling:glass_bottles": "yes",
        "recycling:paper": "yes",
        "recycling_type": "container"
      },
      "geometry": {
        "type": "Point",
        "coordinates": [
          7.660517,
          45.064036
        ]
      }
    },
    {
      "type": "Feature",
      "properties": {
        "access": "yes",
        "amenity": "drinking_water",
        "bottle": "yes",
        "fee": "no",
        "fountain": "bottle_refill",
        "name": "Punto acqua SMAT",
        "wheelchair": "yes"
      },
      "geometry": {
        "type": "Point",
        "coordinates": [
          7.66052,
          45.064068
        ]
      }
    },
    {
      "type": "Feature",
      "properties": {
        "amenity": "recycling",
        "recycling:cans": "yes",
        "recycling:glass": "no",
        "recycling:glass_bottles": "yes",
        "recycling:paper": "yes",
        "recycling_type": "container"
      },
      "geometry": {
        "type": "Point",
        "coordinates": [
          7.6601582,
          45.0631532
        ]
      }
    },
    {
      "type": "Feature",
      "properties": {
        "amenity": "drinking_water",
        "indoor": "no",
        "level": "-1"
      },
      "geometry": {
        "type": "Point",
        "coordinates": [
          7.6587605,
          45.0658409
        ]
      }
    },
    {
      "type": "Feature",
      "properties": {
        "access": "yes",
        "amenity": "drinking_water",
        "check_date": "2024-11-11",
        "fee": "no",
        "indoor": "no",
        "level": "-1",
        "man_made": "water_tap",
        "operator": "Politecnico di Torino",
        "wheelchair": "yes"
      },
      "geometry": {
        "type": "Point",
        "coordinates": [
          7.658279,
          45.065158
        ]
      }
    },
    {
      "type": "Feature",
      "properties": {
        "amenity": "recycling",
        "recycling:cooking_oil": "yes",
        "recycling_type": "container"
      },
      "geometry": {
        "type": "Point",
        "coordinates": [
          7.660988,
          45.064728
        ]
      }
    },
    {
      "type": "Feature",
      "properties": {
        "amenity": "recycling",
        "recycling:batteries": "yes",
        "recycling_type": "container"
      },
      "geometry": {
        "type": "Point",
        "coordinates": [
          7.661753,
          45.0639124
        ]
      }
    },
    {
      "type": "Feature",
      "properties": {
        "amenity": "recycling",
        "recycling:cans": "yes",
        "recycling:glass": "yes",
        "recycling:glass_bottles": "yes",
        "recycling:paper": "yes",
        "recycling_type": "container"
      },
      "geometry": {
        "type": "Point",
        "coordinates": [
          7.6580817,
          45.0649185
        ]
      }
    },
    {
      "type": "Feature",
      "properties": {
        "amenity": "recycling",
        "recycling:cans": "yes",
        "recycling:paper": "yes",
        "recycling_type": "container"
      },
      "geometry": {
        "type": "Point",
        "coordinates": [
          7.6579353,
          45.0648417
        ]
      }
    },
    {
      "type": "Feature",
      "properties": {
        "amenity": "recycling",
        "recycling:paper": "yes",
        "recycling_type": "container"
      },
      "geometry": {
        "type": "Point",
        "coordinates": [
          7.6599191,
          45.066199
        ]
      }
    },
    {
      "type": "Feature",
      "properties": {
        "amenity": "recycling",
        "recycling:cans": "yes",
        "recycling:glass": "yes",
        "recycling:paper": "yes",
        "recycling_type": "container"
      },
      "geometry": {
        "type": "Point",
        "coordinates": [
          7.6565915,
          45.0642033
        ]
      }
    },
    {
      "type": "Feature",
      "properties": {
        "addr:city": "Torino",
        "addr:housenumber": "59 A",
        "addr:street": "Via Pier Carlo Boggio",
        "amenity": "drinking_water",
        "name": "Politecnico I3P",
        "wheelchair": "yes"
      },
      "geometry": {
        "type": "Point",
        "coordinates": [
          7.6567364,
          45.0644875
        ]
      }
    },
    {
      "type": "Feature",
      "properties": {
        "amenity": "drinking_water"
      },
      "geometry": {
        "type": "Point",
        "coordinates": [
          7.6563394,
          45.0639077
        ]
      }
    },
    {
      "type": "Feature",
      "properties": {
        "amenity": "recycling",
        "recycling:paper": "yes",
        "recycling_type": "container"
      },
      "geometry": {
        "type": "Point",
        "coordinates": [
          7.6560675,
          45.064053
        ]
      }
    },
    {
      "type": "Feature",
      "properties": {
        "amenity": "recycling",
        "recycling:cans": "yes",
        "recycling:glass_bottles": "yes",
        "recycling_type": "container"
      },
      "geometry": {
        "type": "Point",
        "coordinates": [
          7.6617162,
          45.0625145
        ]
      }
    },
    {
      "type": "Feature",
      "properties": {
        "amenity": "recycling",
        "location": "overground",
        "recycling:cans": "yes",
        "recycling:paper": "yes",
        "recycling_type": "container"
      },
      "geometry": {
        "type": "Point",
        "coordinates": [
          7.6627847,
          45.0632693
        ]
      }
    },
    {
      "type": "Feature",
      "properties": {
        "amenity": "recycling",
        "recycling:paper": "yes",
        "recycling_type": "container"
      },
      "geometry": {
        "type": "Point",
        "coordinates": [
          7.6618191,
          45.0634303
        ]
      }
    },
    {
      "type": "Feature",
      "properties": {
        "addr:city": "Torino",
        "addr:housenumber": "2d",
        "addr:postcode": "10138",
        "addr:street": "Via Andrea Vochieri",
        "amenity": "cafe",
        "internet_access": "wlan",
        "level": "0",
        "name": "ARKI caf\u00e8",
        "outdoor_seating": "yes",
        "toilets": "yes",
        "wheelchair": "yes"
      },
      "geometry": {
        "type": "Point",
        "coordinates": [
          7.6568993,
          45.0660386
        ]
      }
    },
    {
      "type": "Feature",
      "properties": {
        "amenity": "recycling",
        "recycling_type": "container"
      },
      "geometry": {
        "type": "Point",
        "coordinates": [
          7.660005,
          45.065404
        ]
      }
    },
    {
      "type": "Feature",
      "properties": {
        "amenity": "parking_entrance"
      },
      "geometry": {
        "type": "Point",
        "coordinates": [
          7.6578506,
          45.0658869
        ]
      }
    },
    {
      "type": "Feature",
      "properties": {
        "addr:city": "Torino",
        "addr:housenumber": "19",
        "addr:postcode": "10128",
        "addr:street": "Via Francesco Morosini",
        "amenity": "bank",
        "email": "info@clubdeglinvestitori.it",
        "name": "Club degli investitori"
      },
      "geometry": {
        "type": "Point",
        "coordinates": [
          7.6630071,
          45.066224
        ]
      }
    },
    {
      "type": "Feature",
      "properties": {
        "addr:city": "Torino",
        "addr:housenumber": "7b",
        "addr:postcode": "10128",
        "addr:street": "Corso Castelfidardo",
        "amenity": "restaurant",
        "bar": "yes",
        "brewery": "yes",
        "contact:email": "info@ristorantequattrosoldi.it",
        "contact:website": "http://www.ristorantequattrosoldi.it",
        "cuisine": "italian",
        "name": "Quattro Soldi",
        "outdoor_seating": "yes",
        "phone": "+39 011 562 1290",
        "website": "https://www.ristorantequattrosoldi.com/"
      },
      "geometry": {
        "type": "Point",
        "coordinates": [
          7.6628031,
          45.0673567
        ]
      }
    },
    {
      "type": "Feature",
      "properties": {
        "amenity": "waste_basket"
      },
      "geometry": {
        "type": "Point",
        "coordinates": [
          7.6617791,
          45.063909
        ]
      }
    },
    {
      "type": "Feature",
      "properties": {
        "amenity": "vending_machine",
        "check_date": "2023-04-17",
        "currency:EUR": "yes",
        "description": "Macchinette automatiche che erogano bibite, snack e bevande calde.",
        "operator": "IVS Italia cortile PoliTO",
        "payment:coins": "yes",
        "vending": "coffee",
        "vending_1": "drinks"
      },
      "geometry": {
        "type": "Point",
        "coordinates": [
          7.6602208,
          45.0629739
        ]
      }
    },
    {
      "type": "Feature",
      "properties": {
        "amenity": "atm",
        "brand": "UniCredit Bank",
        "brand:wikidata": "Q45568",
        "check_date": "2025-12-24",
        "name": "UniCredit Bank",
        "operator": "UniCredit Bank",
        "operator:wikidata": "Q45568"
      },
      "geometry": {
        "type": "Point",
        "coordinates": [
          7.6601534,
          45.0632886
        ]
      }
    },
    {
      "type": "Feature",
      "properties": {
        "amenity": "drinking_water"
      },
      "geometry": {
        "type": "Point",
        "coordinates": [
          7.656059,
          45.0639295
        ]
      }
    },
    {
      "type": "Feature",
      "properties": {
        "addr:housenumber": "22",
        "amenity": "restaurant",
        "bar": "yes",
        "name": "OGR Snodo",
        "name:en": "OGR Snodo",
        "operator": "Sofito S.r.l.",
        "ref:vatin": "IT11177490015",
        "toilets:wheelchair": "yes",
        "wheelchair": "yes"
      },
      "geometry": {
        "type": "Point",
        "coordinates": [
          7.659651,
          45.0666858
        ]
      }
    },
    {
      "type": "Feature",
      "properties": {
        "amenity": "drinking_water",
        "check_date": "2025-11-18",
        "fountain": "toret"
      },
      "geometry": {
        "type": "Point",
        "coordinates": [
          7.6616879,
          45.0625639
        ]
      }
    },
    {
      "type": "Feature",
      "properties": {
        "amenity": "drinking_water"
      },
      "geometry": {
        "type": "Point",
        "coordinates": [
          7.6608831,
          45.0625588
        ]
      }
    },
    {
      "type": "Feature",
      "properties": {
        "amenity": "drinking_water",
        "bottle": "yes",
        "indoor": "yes"
      },
      "geometry": {
        "type": "Point",
        "coordinates": [
          7.6617386,
          45.0640151
        ]
      }
    },
    {
      "type": "Feature",
      "properties": {
        "amenity": "drinking_water"
      },
      "geometry": {
        "type": "Point",
        "coordinates": [
          7.6591664,
          45.0643846
        ]
      }
    },
    {
      "type": "Feature",
      "properties": {
        "amenity": "drinking_water"
      },
      "geometry": {
        "type": "Point",
        "coordinates": [
          7.6573681,
          45.0630209
        ]
      }
    },
    {
      "type": "Feature",
      "properties": {
        "amenity": "drinking_water",
        "check_date": "2025-11-20",
        "fee": "no",
        "fountain": "toret",
        "indoor": "no",
        "wheelchair": "yes"
      },
      "geometry": {
        "type": "Point",
        "coordinates": [
          7.6580695,
          45.0628347
        ]
      }
    },
    {
      "type": "Feature",
      "properties": {
        "amenity": "bicycle_parking",
        "bicycle_parking": "stands",
        "capacity": "15",
        "covered": "no",
        "fee": "no"
      },
      "geometry": {
        "type": "Point",
        "coordinates": [
          7.6584876,
          45.0629329
        ]
      }
    },
    {
      "type": "Feature",
      "properties": {
        "amenity": "bicycle_parking",
        "bicycle_parking": "stands",
        "capacity": "14",
        "covered": "no"
      },
      "geometry": {
        "type": "Point",
        "coordinates": [
          7.6624259,
          45.0622413
        ]
      }
    },
    {
      "type": "Feature",
      "properties": {
        "addr:city": "Torino",
        "addr:housenumber": "67",
        "addr:postcode": "10129",
        "addr:street": "Corso Rodolfo Montevecchio",
        "amenity": "school",
        "name": "Liceo scientifico Galileo Ferraris",
        "ref": "TOPS04000B",
        "website": "https://www.liceogalfer.it",
        "wikidata": "Q24940282",
        "wikipedia": "it:Liceo scientifico Galileo Ferraris"
      },
      "geometry": {
        "type": "Point",
        "coordinates": [
          7.6622584,
          45.0639701
        ]
      }
    },
    {
      "type": "Feature",
      "properties": {
        "amenity": "school",
        "check_date": "2024-08-30",
        "name": "Istituto tecnico commerciale Germano Sommeiller",
        "ref": "TOTD090008",
        "website": "https://www.itcsommeiller.edu.it"
      },
      "geometry": {
        "type": "Point",
        "coordinates": [
          7.6630788,
          45.0637221
        ]
      }
    },
    {
      "type": "Feature",
      "properties": {
        "amenity": "bench",
        "backrest": "yes",
        "material": "wood"
      },
      "geometry": {
        "type": "Point",
        "coordinates": [
          7.6633476,
          45.0642552
        ]
      }
    },
    {
      "type": "Feature",
      "properties": {
        "amenity": "bench",
        "backrest": "yes",
        "material": "wood"
      },
      "geometry": {
        "type": "Point",
        "coordinates": [
          7.6633159,
          45.0641908
        ]
      }
    },
    {
      "type": "Feature",
      "properties": {
        "amenity": "waste_basket",
        "waste": "trash"
      },
      "geometry": {
        "type": "Point",
        "coordinates": [
          7.663284,
          45.0642772
        ]
      }
    },
    {
      "type": "Feature",
      "properties": {
        "amenity": "bench",
        "backrest": "yes",
        "material": "wood"
      },
      "geometry": {
        "type": "Point",
        "coordinates": [
          7.6632051,
          45.0642315
        ]
      }
    },
    {
      "type": "Feature",
      "properties": {
        "amenity": "bench",
        "backrest": "yes",
        "material": "wood"
      },
      "geometry": {
        "type": "Point",
        "coordinates": [
          7.6632061,
          45.0643041
        ]
      }
    },
    {
      "type": "Feature",
      "properties": {
        "amenity": "bench",
        "backrest": "yes",
        "material": "wood"
      },
      "geometry": {
        "type": "Point",
        "coordinates": [
          7.6630908,
          45.0643439
        ]
      }
    },
    {
      "type": "Feature",
      "properties": {
        "amenity": "bench",
        "backrest": "yes",
        "material": "wood"
      },
      "geometry": {
        "type": "Point",
        "coordinates": [
          7.6630033,
          45.0643741
        ]
      }
    },
    {
      "type": "Feature",
      "properties": {
        "amenity": "bench",
        "backrest": "yes",
        "material": "wood"
      },
      "geometry": {
        "type": "Point",
        "coordinates": [
          7.6629138,
          45.064405
        ]
      }
    },
    {
      "type": "Feature",
      "properties": {
        "amenity": "waste_basket",
        "waste": "trash"
      },
      "geometry": {
        "type": "Point",
        "coordinates": [
          7.6629512,
          45.0643921
        ]
      }
    },
    {
      "type": "Feature",
      "properties": {
        "amenity": "bench",
        "backrest": "yes",
        "material": "wood"
      },
      "geometry": {
        "type": "Point",
        "coordinates": [
          7.6628427,
          45.064365
        ]
      }
    },
    {
      "type": "Feature",
      "properties": {
        "amenity": "waste_basket",
        "waste": "trash"
      },
      "geometry": {
        "type": "Point",
        "coordinates": [
          7.662696,
          45.0644649
        ]
      }
    },
    {
      "type": "Feature",
      "properties": {
        "amenity": "bench",
        "backrest": "yes",
        "material": "wood"
      },
      "geometry": {
        "type": "Point",
        "coordinates": [
          7.6626501,
          45.06448
        ]
      }
    },
    {
      "type": "Feature",
      "properties": {
        "amenity": "bench",
        "backrest": "yes",
        "material": "wood"
      },
      "geometry": {
        "type": "Point",
        "coordinates": [
          7.6614367,
          45.0649361
        ]
      }
    },
    {
      "type": "Feature",
      "properties": {
        "amenity": "bench",
        "backrest": "yes",
        "material": "wood"
      },
      "geometry": {
        "type": "Point",
        "coordinates": [
          7.661714,
          45.0648387
        ]
      }
    },
    {
      "type": "Feature",
      "properties": {
        "amenity": "waste_basket",
        "waste": "trash"
      },
      "geometry": {
        "type": "Point",
        "coordinates": [
          7.6615875,
          45.0648832
        ]
      }
    },
    {
      "type": "Feature",
      "properties": {
        "amenity": "bench",
        "backrest": "yes",
        "material": "wood"
      },
      "geometry": {
        "type": "Point",
        "coordinates": [
          7.6614957,
          45.0648461
        ]
      }
    },
    {
      "type": "Feature",
      "properties": {
        "amenity": "bench",
        "backrest": "yes",
        "material": "wood"
      },
      "geometry": {
        "type": "Point",
        "coordinates": [
          7.6612438,
          45.0649301
        ]
      }
    },
    {
      "type": "Feature",
      "properties": {
        "amenity": "waste_basket",
        "waste": "trash"
      },
      "geometry": {
        "type": "Point",
        "coordinates": [
          7.6611836,
          45.0649503
        ]
      }
    },
    {
      "type": "Feature",
      "properties": {
        "amenity": "fast_food",
        "cuisine": "sandwich",
        "name": "Riempimi",
        "takeaway": "yes"
      },
      "geometry": {
        "type": "Point",
        "coordinates": [
          7.6560801,
          45.0654634
        ]
      }
    },
    {
      "type": "Feature",
      "properties": {
        "amenity": "fast_food",
        "cuisine": "sandwich",
        "name": "Paninoteca Fuori Corso.it",
        "outdoor_seating": "yes",
        "takeaway": "yes"
      },
      "geometry": {
        "type": "Point",
        "coordinates": [
          7.6559593,
          45.065454
        ]
      }
    },
    {
      "type": "Feature",
      "properties": {
        "amenity": "charging_station",
        "brand": "Enel X",
        "brand:wikidata": "Q5376815",
        "capacity": "2",
        "name": "Enel X",
        "operator": "Enel X",
        "operator:wikidata": "Q5376815",
        "operator:wikipedia": "en:Enel X"
      },
      "geometry": {
        "type": "Point",
        "coordinates": [
          7.6564435,
          45.0650167
        ]
      }
    },
    {
      "type": "Feature",
      "properties": {
        "amenity": "waste_basket",
        "waste": "trash"
      },
      "geometry": {
        "type": "Point",
        "coordinates": [
          7.6559136,
          45.0645118
        ]
      }
    },
    {
      "type": "Feature",
      "properties": {
        "amenity": "bench",
        "backrest": "yes",
        "colour": "green",
        "material": "wood",
        "seats": "3"
      },
      "geometry": {
        "type": "Point",
        "coordinates": [
          7.6559425,
          45.0648204
        ]
      }
    },
    {
      "type": "Feature",
      "properties": {
        "amenity": "bench",
        "backrest": "yes",
        "colour": "green",
        "material": "wood",
        "seats": "3"
      },
      "geometry": {
        "type": "Point",
        "coordinates": [
          7.6560414,
          45.0647844
        ]
      }
    },
    {
      "type": "Feature",
      "properties": {
        "amenity": "waste_basket",
        "waste": "trash"
      },
      "geometry": {
        "type": "Point",
        "coordinates": [
          7.6561294,
          45.0647348
        ]
      }
    },
    {
      "type": "Feature",
      "properties": {
        "amenity": "waste_basket",
        "waste": "trash"
      },
      "geometry": {
        "type": "Point",
        "coordinates": [
          7.6560859,
          45.0647713
        ]
      }
    },
    {
      "type": "Feature",
      "properties": {
        "amenity": "bench",
        "backrest": "yes",
        "colour": "green",
        "material": "wood",
        "seats": "3"
      },
      "geometry": {
        "type": "Point",
        "coordinates": [
          7.6560093,
          45.0645856
        ]
      }
    },
    {
      "type": "Feature",
      "properties": {
        "amenity": "bench",
        "backrest": "yes",
        "colour": "green",
        "material": "wood",
        "seats": "3"
      },
      "geometry": {
        "type": "Point",
        "coordinates": [
          7.6561022,
          45.0647076
        ]
      }
    },
    {
      "type": "Feature",
      "properties": {
        "amenity": "waste_basket",
        "waste": "trash"
      },
      "geometry": {
        "type": "Point",
        "coordinates": [
          7.6558942,
          45.0648372
        ]
      }
    },
    {
      "type": "Feature",
      "properties": {
        "amenity": "waste_basket",
        "waste": "trash"
      },
      "geometry": {
        "type": "Point",
        "coordinates": [
          7.6559926,
          45.0645526
        ]
      }
    },
    {
      "type": "Feature",
      "properties": {
        "amenity": "bicycle_parking",
        "bicycle_parking": "stands",
        "capacity": "6",
        "covered": "no",
        "fee": "no"
      },
      "geometry": {
        "type": "Point",
        "coordinates": [
          7.6559361,
          45.0645413
        ]
      }
    },
    {
      "type": "Feature",
      "properties": {
        "amenity": "bicycle_parking",
        "bicycle_parking": "stands",
        "covered": "no",
        "fee": "no"
      },
      "geometry": {
        "type": "Point",
        "coordinates": [
          7.6591202,
          45.0646402
        ]
      }
    },
    {
      "type": "Feature",
      "properties": {
        "amenity": "bicycle_parking",
        "bicycle_parking": "stands",
        "covered": "no",
        "fee": "no"
      },
      "geometry": {
        "type": "Point",
        "coordinates": [
          7.6591433,
          45.0646744
        ]
      }
    },
    {
      "type": "Feature",
      "properties": {
        "amenity": "bicycle_parking",
        "bicycle_parking": "stands",
        "covered": "no",
        "fee": "no"
      },
      "geometry": {
        "type": "Point",
        "coordinates": [
          7.6591622,
          45.0647052
        ]
      }
    },
    {
      "type": "Feature",
      "properties": {
        "amenity": "bicycle_parking",
        "bicycle_parking": "stands",
        "covered": "no",
        "fee": "no"
      },
      "geometry": {
        "type": "Point",
        "coordinates": [
          7.6591838,
          45.0647345
        ]
      }
    },
    {
      "type": "Feature",
      "properties": {
        "amenity": "bicycle_parking",
        "bicycle_parking": "stands",
        "covered": "no",
        "fee": "no"
      },
      "geometry": {
        "type": "Point",
        "coordinates": [
          7.6592048,
          45.064763
        ]
      }
    },
    {
      "type": "Feature",
      "properties": {
        "amenity": "bicycle_parking",
        "bicycle_parking": "stands",
        "covered": "no",
        "fee": "no"
      },
      "geometry": {
        "type": "Point",
        "coordinates": [
          7.6592274,
          45.0647927
        ]
      }
    },
    {
      "type": "Feature",
      "properties": {
        "amenity": "bicycle_parking",
        "bicycle_parking": "stands",
        "covered": "no",
        "fee": "no"
      },
      "geometry": {
        "type": "Point",
        "coordinates": [
          7.6592463,
          45.0648213
        ]
      }
    },
    {
      "type": "Feature",
      "properties": {
        "amenity": "bicycle_parking",
        "bicycle_parking": "stands",
        "capacity": "8",
        "covered": "no"
      },
      "geometry": {
        "type": "Point",
        "coordinates": [
          7.6630006,
          45.0624956
        ]
      }
    },
    {
      "type": "Feature",
      "properties": {
        "access": "yes",
        "amenity": "bicycle_parking",
        "bicycle_parking": "stands",
        "capacity": "12",
        "fee": "no"
      },
      "geometry": {
        "type": "Point",
        "coordinates": [
          7.662532,
          45.0668414
        ]
      }
    },
    {
      "type": "Feature",
      "properties": {
        "amenity": "waste_basket"
      },
      "geometry": {
        "type": "Point",
        "coordinates": [
          7.6631319,
          45.0633072
        ]
      }
    },
    {
      "type": "Feature",
      "properties": {
        "addr:city": "Torino",
        "addr:housenumber": "62b",
        "addr:postcode": "10128",
        "addr:street": "Corso Stati Uniti",
        "air_conditioning": "yes",
        "amenity": "cafe",
        "bar": "yes",
        "email": "open@fondazionetime2.it",
        "internet_access": "wlan",
        "internet_access:fee": "no",
        "name": "Open Time2",
        "opening_hours": "Mo-Fr 09:00-18:00",
        "outdoor_seating": "yes",
        "phone": "+39 011 78 65 45",
        "start_date": "2023-11-27",
        "toilets": "yes",
        "website": "https://open.fondazionetime2.it/",
        "wheelchair": "yes"
      },
      "geometry": {
        "type": "Point",
        "coordinates": [
          7.6621765,
          45.0664222
        ]
      }
    },
    {
      "type": "Feature",
      "properties": {
        "amenity": "mailroom",
        "contact:city": "Torino",
        "contact:housenumber": "10",
        "contact:postcode": "10129",
        "contact:street": "Via Enrico D'Ovidio",
        "operator": "Politecnico di Torino"
      },
      "geometry": {
        "type": "Point",
        "coordinates": [
          7.661032,
          45.0622668
        ]
      }
    },
    {
      "type": "Feature",
      "properties": {
        "amenity": "bench",
        "level": "-1"
      },
      "geometry": {
        "type": "Point",
        "coordinates": [
          7.6585255,
          45.065875
        ]
      }
    },
    {
      "type": "Feature",
      "properties": {
        "amenity": "bench",
        "level": "-1"
      },
      "geometry": {
        "type": "Point",
        "coordinates": [
          7.6586452,
          45.0659699
        ]
      }
    },
    {
      "type": "Feature",
      "properties": {
        "amenity": "table",
        "level": "-1"
      },
      "geometry": {
        "type": "Point",
        "coordinates": [
          7.6586464,
          45.065641
        ]
      }
    },
    {
      "type": "Feature",
      "properties": {
        "amenity": "chair",
        "indoor": "yes",
        "level": "0",
        "material": "plastic"
      },
      "geometry": {
        "type": "Point",
        "coordinates": [
          7.6589099,
          45.0649383
        ]
      }
    },
    {
      "type": "Feature",
      "properties": {
        "amenity": "chair",
        "indoor": "yes",
        "level": "0",
        "material": "plastic"
      },
      "geometry": {
        "type": "Point",
        "coordinates": [
          7.658951,
          45.0649962
        ]
      }
    },
    {
      "type": "Feature",
      "properties": {
        "amenity": "chair",
        "indoor": "yes",
        "level": "0",
        "material": "plastic"
      },
      "geometry": {
        "type": "Point",
        "coordinates": [
          7.6589603,
          45.0650093
        ]
      }
    },
    {
      "type": "Feature",
      "properties": {
        "amenity": "chair",
        "indoor": "yes",
        "level": "0",
        "material": "plastic"
      },
      "geometry": {
        "type": "Point",
        "coordinates": [
          7.6589248,
          45.0649594
        ]
      }
    },
    {
      "type": "Feature",
      "properties": {
        "amenity": "chair",
        "indoor": "yes",
        "level": "0",
        "material": "plastic"
      },
      "geometry": {
        "type": "Point",
        "coordinates": [
          7.6589553,
          45.0650023
        ]
      }
    },
    {
      "type": "Feature",
      "properties": {
        "amenity": "chair",
        "indoor": "yes",
        "level": "0",
        "material": "plastic"
      },
      "geometry": {
        "type": "Point",
        "coordinates": [
          7.6589153,
          45.0649459
        ]
      }
    },
    {
      "type": "Feature",
      "properties": {
        "amenity": "chair",
        "indoor": "yes",
        "level": "0",
        "material": "plastic"
      },
      "geometry": {
        "type": "Point",
        "coordinates": [
          7.6589459,
          45.0649891
        ]
      }
    },
    {
      "type": "Feature",
      "properties": {
        "amenity": "chair",
        "indoor": "yes",
        "level": "0",
        "material": "plastic"
      },
      "geometry": {
        "type": "Point",
        "coordinates": [
          7.65892,
          45.0649526
        ]
      }
    },
    {
      "type": "Feature",
      "properties": {
        "amenity": "table",
        "level": "-1"
      },
      "geometry": {
        "type": "Point",
        "coordinates": [
          7.6586034,
          45.065654
        ]
      }
    },
    {
      "type": "Feature",
      "properties": {
        "amenity": "bench",
        "level": "-1"
      },
      "geometry": {
        "type": "Point",
        "coordinates": [
          7.6583304,
          45.0655996
        ]
      }
    },
    {
      "type": "Feature",
      "properties": {
        "amenity": "waste_basket",
        "indoor": "yes",
        "level": "0"
      },
      "geometry": {
        "type": "Point",
        "coordinates": [
          7.6589853,
          45.0649073
        ]
      }
    },
    {
      "type": "Feature",
      "properties": {
        "amenity": "bench",
        "level": "-1"
      },
      "geometry": {
        "type": "Point",
        "coordinates": [
          7.6590171,
          45.0657592
        ]
      }
    },
    {
      "type": "Feature",
      "properties": {
        "amenity": "bench",
        "level": "-1"
      },
      "geometry": {
        "type": "Point",
        "coordinates": [
          7.6589834,
          45.0658481
        ]
      }
    },
    {
      "type": "Feature",
      "properties": {
        "amenity": "bench",
        "level": "-1"
      },
      "geometry": {
        "type": "Point",
        "coordinates": [
          7.6586479,
          45.0652837
        ]
      }
    },
    {
      "type": "Feature",
      "properties": {
        "amenity": "table",
        "level": "-1"
      },
      "geometry": {
        "type": "Point",
        "coordinates": [
          7.6584018,
          45.0652869
        ]
      }
    },
    {
      "type": "Feature",
      "properties": {
        "amenity": "table",
        "level": "-1"
      },
      "geometry": {
        "type": "Point",
        "coordinates": [
          7.6583892,
          45.065358
        ]
      }
    },
    {
      "type": "Feature",
      "properties": {
        "amenity": "table",
        "level": "-1"
      },
      "geometry": {
        "type": "Point",
        "coordinates": [
          7.6584418,
          45.0653418
        ]
      }
    },
    {
      "type": "Feature",
      "properties": {
        "amenity": "bench",
        "level": "-1",
        "material": "plastic",
        "seats": "4"
      },
      "geometry": {
        "type": "Point",
        "coordinates": [
          7.6586429,
          45.0657123
        ]
      }
    },
    {
      "type": "Feature",
      "properties": {
        "amenity": "table",
        "level": "-1"
      },
      "geometry": {
        "type": "Point",
        "coordinates": [
          7.658352,
          45.065302
        ]
      }
    },
    {
      "type": "Feature",
      "properties": {
        "amenity": "table",
        "level": "-1"
      },
      "geometry": {
        "type": "Point",
        "coordinates": [
          7.6586464,
          45.0657109
        ]
      }
    },
    {
      "type": "Feature",
      "properties": {
        "amenity": "table",
        "level": "-1"
      },
      "geometry": {
        "type": "Point",
        "coordinates": [
          7.6586899,
          45.0656986
        ]
      }
    },
    {
      "type": "Feature",
      "properties": {
        "amenity": "bench",
        "level": "-1",
        "material": "plastic",
        "seats": "4"
      },
      "geometry": {
        "type": "Point",
        "coordinates": [
          7.6586942,
          45.0656971
        ]
      }
    },
    {
      "type": "Feature",
      "properties": {
        "amenity": "bench",
        "level": "-1",
        "material": "plastic",
        "seats": "4"
      },
      "geometry": {
        "type": "Point",
        "coordinates": [
          7.6583874,
          45.0653587
        ]
      }
    },
    {
      "type": "Feature",
      "properties": {
        "amenity": "bench",
        "level": "-1",
        "material": "plastic",
        "seats": "4"
      },
      "geometry": {
        "type": "Point",
        "coordinates": [
          7.6586,
          45.0656555
        ]
      }
    },
    {
      "type": "Feature",
      "properties": {
        "amenity": "bench",
        "level": "-1",
        "material": "plastic",
        "seats": "4"
      },
      "geometry": {
        "type": "Point",
        "coordinates": [
          7.65865,
          45.0656391
        ]
      }
    },
    {
      "type": "Feature",
      "properties": {
        "amenity": "bench",
        "level": "-1",
        "material": "plastic",
        "seats": "4"
      },
      "geometry": {
        "type": "Point",
        "coordinates": [
          7.6584438,
          45.0653408
        ]
      }
    },
    {
      "type": "Feature",
      "properties": {
        "amenity": "bench",
        "level": "-1",
        "material": "plastic",
        "seats": "4"
      },
      "geometry": {
        "type": "Point",
        "coordinates": [
          7.6583502,
          45.0653026
        ]
      }
    },
    {
      "type": "Feature",
      "properties": {
        "amenity": "bench",
        "level": "-1",
        "material": "plastic",
        "seats": "4"
      },
      "geometry": {
        "type": "Point",
        "coordinates": [
          7.6584035,
          45.0652863
        ]
      }
    },
    {
      "type": "Feature",
      "properties": {
        "amenity": "recycling",
        "covered": "no",
        "indoor": "no",
        "operator": "Cooperativa Lavoro e Solidariet\u00e0 (Amiat S.p.a)",
        "recycling:clothes": "yes",
        "recycling_type": "container"
      },
      "geometry": {
        "type": "Point",
        "coordinates": [
          7.6614762,
          45.0647644
        ]
      }
    },
    {
      "type": "Feature",
      "properties": {
        "amenity": "bench",
        "level": "-1"
      },
      "geometry": {
        "type": "Point",
        "coordinates": [
          7.6580977,
          45.0651388
        ]
      }
    },
    {
      "type": "Feature",
      "properties": {
        "amenity": "recycling",
        "covered": "no",
        "indoor": "no",
        "operator": "Cooperativa Lavoro e Solidariet\u00e0 (Amiat S.p.a)",
        "recycling:clothes": "yes",
        "recycling_type": "container"
      },
      "geometry": {
        "type": "Point",
        "coordinates": [
          7.6559308,
          45.0656581
        ]
      }
    },
    {
      "type": "Feature",
      "properties": {
        "amenity": "bench",
        "backrest": "yes",
        "colour": "red",
        "description": "L'installazione della panchina rossa presso la sede centrale dell\u2019Ateneo, donata dalla sezione Verde Pubblico della Citt\u00e0 di Torino, \u00e8 un'iniziativa promossa dal Comitato Unico di Garanzia del Politecnico di Torino",
        "inscription": "The Politecnico di Torino for the elimination of violence against womer. Every woman has the right to live without fear.",
        "material": "wood",
        "seats": "3",
        "start_date": "2022-11-25",
        "website": "https://www.polito.it/ateneo/comunicazione-e-ufficio-stampa/poliflash/una-panchina-rossa-contro-la-violenza-sulle-donne"
      },
      "geometry": {
        "type": "Point",
        "coordinates": [
          7.6620091,
          45.0624653
        ]
      }
    },
    {
      "type": "Feature",
      "properties": {
        "addr:city": "Torino",
        "addr:housenumber": "39",
        "addr:postcode": "10138",
        "addr:street": "Corso Castelfidardo",
        "amenity": "university",
        "name": "Aula 29B",
        "operator": "Politecnico di Torino",
        "website": "https://www.polito.it/"
      },
      "geometry": {
        "type": "Point",
        "coordinates": [
          7.6598774,
          45.0628498
        ]
      }
    },
    {
      "type": "Feature",
      "properties": {
        "amenity": "waste_basket"
      },
      "geometry": {
        "type": "Point",
        "coordinates": [
          7.6629868,
          45.0624445
        ]
      }
    },
    {
      "type": "Feature",
      "properties": {
        "amenity": "vending_machine",
        "vending": "parking_tickets"
      },
      "geometry": {
        "type": "Point",
        "coordinates": [
          7.6629825,
          45.0624376
        ]
      }
    },
    {
      "type": "Feature",
      "properties": {
        "amenity": "toilets",
        "fee": "no"
      },
      "geometry": {
        "type": "Point",
        "coordinates": [
          7.6610582,
          45.0626497
        ]
      }
    },
    {
      "type": "Feature",
      "properties": {
        "amenity": "piano",
        "location": "indoor",
        "musical_instrument": "piano"
      },
      "geometry": {
        "type": "Point",
        "coordinates": [
          7.6617091,
          45.062467
        ]
      }
    },
    {
      "type": "Feature",
      "properties": {
        "amenity": "recycling",
        "covered": "no",
        "indoor": "no",
        "operator:type": "Cooperativa Lavoro e Solidariet\u00e0 (Amiat S.p.a.)",
        "recycling:clothes": "yes",
        "recycling_type": "container"
      },
      "geometry": {
        "type": "Point",
        "coordinates": [
          7.65593,
          45.0655785
        ]
      }
    },
    {
      "type": "Feature",
      "properties": {
        "cycleway:both": "no",
        "highway": "residential",
        "lit": "yes",
        "maxspeed": "50",
        "maxspeed:type": "sign",
        "name": "Via Francesco Morosini",
        "name:etymology:wikidata": "Q34481",
        "oneway": "yes",
        "surface": "asphalt"
      },
      "geometry": {
        "type": "Point",
        "coordinates": [
          7.6632954,
          45.0668299
        ]
      }
    },
    {
      "type": "Feature",
      "properties": {
        "cycleway:both": "no",
        "highway": "residential",
        "lit": "yes",
        "name": "Via Vincenzo Vela",
        "oneway": "yes",
        "sidewalk": "both",
        "surface": "asphalt"
      },
      "geometry": {
        "type": "Point",
        "coordinates": [
          7.6635765,
          45.0664446
        ]
      }
    },
    {
      "type": "Feature",
      "properties": {
        "area": "yes",
        "barrier": "kerb",
        "bicycle": "yes",
        "highway": "pedestrian",
        "lit": "yes",
        "name": "Piazzale Duca d'Aosta",
        "surface": "asphalt"
      },
      "geometry": {
        "type": "Point",
        "coordinates": [
          7.6632547,
          45.0621642
        ]
      }
    },
    {
      "type": "Feature",
      "properties": {
        "highway": "residential",
        "lanes": "1",
        "lit": "yes",
        "name": "Corso Castelfidardo",
        "name:etymology:wikidata": "Q123833",
        "oneway": "yes",
        "smoothness": "good",
        "surface": "asphalt"
      },
      "geometry": {
        "type": "Point",
        "coordinates": [
          7.6619672,
          45.0675349
        ]
      }
    },
    {
      "type": "Feature",
      "properties": {
        "cycleway:both": "no",
        "foot": "no",
        "highway": "secondary",
        "lanes": "3",
        "lit": "yes",
        "maxspeed": "50",
        "maxspeed:type": "sign",
        "name": "Corso Stati Uniti",
        "name:etymology:wikidata": "Q30",
        "oneway": "yes",
        "sidewalk": "no",
        "source": "TCI, Guida d'Italia, 1914",
        "surface": "asphalt"
      },
      "geometry": {
        "type": "Point",
        "coordinates": [
          7.6617482,
          45.0661988
        ]
      }
    },
    {
      "type": "Feature",
      "properties": {
        "highway": "residential",
        "lit": "yes",
        "name": "Corso Castelfidardo",
        "name:etymology:wikidata": "Q123833",
        "oneway": "yes",
        "source": "TCI, Guida d'Italia, 1914",
        "surface": "asphalt"
      },
      "geometry": {
        "type": "Point",
        "coordinates": [
          7.662458,
          45.0672369
        ]
      }
    },
    {
      "type": "Feature",
      "properties": {
        "cycleway:both": "no",
        "highway": "residential",
        "lit": "yes",
        "maxspeed": "50",
        "name": "Corso Rodolfo Montevecchio",
        "name:etymology:wikidata": "Q3939950",
        "oneway": "yes",
        "surface": "asphalt"
      },
      "geometry": {
        "type": "Point",
        "coordinates": [
          7.6617695,
          45.0646899
        ]
      }
    },
    {
      "type": "Feature",
      "properties": {
        "cycleway:both": "no",
        "highway": "residential",
        "lanes": "1",
        "lit": "yes",
        "maxspeed": "50",
        "maxspeed:type": "sign",
        "name": "Corso Rodolfo Montevecchio",
        "name:etymology:wikidata": "Q3939950",
        "oneway": "yes",
        "sidewalk": "both",
        "surface": "asphalt"
      },
      "geometry": {
        "type": "Point",
        "coordinates": [
          7.6632504,
          45.0643264
        ]
      }
    },
    {
      "type": "Feature",
      "properties": {
        "bicycle": "designated",
        "foot": "designated",
        "highway": "cycleway",
        "lit": "yes",
        "oneway": "no",
        "segregated": "yes",
        "surface": "paving_stones"
      },
      "geometry": {
        "type": "Point",
        "coordinates": [
          7.6620856,
          45.0661487
        ]
      }
    },
    {
      "type": "Feature",
      "properties": {
        "bicycle": "designated",
        "highway": "cycleway",
        "lit": "yes",
        "oneway": "no",
        "surface": "asphalt",
        "width": "2.3"
      },
      "geometry": {
        "type": "Point",
        "coordinates": [
          7.6606798,
          45.0595896
        ]
      }
    },
    {
      "type": "Feature",
      "properties": {
        "bicycle": "designated",
        "foot": "designated",
        "highway": "cycleway",
        "lit": "yes",
        "oneway": "no",
        "segregated": "yes",
        "surface": "paving_stones"
      },
      "geometry": {
        "type": "Point",
        "coordinates": [
          7.661181,
          45.0648614
        ]
      }
    },
    {
      "type": "Feature",
      "properties": {
        "highway": "residential",
        "lanes": "1",
        "maxspeed": "50",
        "name": "Via Nino Bixio",
        "name:etymology:wikidata": "Q699354",
        "oneway": "yes",
        "surface": "sett"
      },
      "geometry": {
        "type": "Point",
        "coordinates": [
          7.6562265,
          45.0678128
        ]
      }
    },
    {
      "type": "Feature",
      "properties": {
        "change:lanes:forward": "no|no|no",
        "cycleway:both": "no",
        "highway": "secondary",
        "lanes": "3",
        "lit": "yes",
        "maxspeed": "50",
        "maxspeed:type": "sign",
        "name": "Corso Stati Uniti",
        "name:etymology:wikidata": "Q30",
        "old_name": "Corso Duca di Genova",
        "oneway": "yes",
        "sidewalk": "right",
        "sidewalk:right:surface": "paving_stones",
        "surface": "asphalt"
      },
      "geometry": {
        "type": "Point",
        "coordinates": [
          7.66225,
          45.0658696
        ]
      }
    },
    {
      "type": "Feature",
      "properties": {
        "cycleway:both": "no",
        "highway": "residential",
        "lit": "yes",
        "maxspeed": "50",
        "name": "Corso Rodolfo Montevecchio",
        "name:etymology:wikidata": "Q3939950",
        "oneway": "yes",
        "surface": "asphalt"
      },
      "geometry": {
        "type": "Point",
        "coordinates": [
          7.6618557,
          45.0648197
        ]
      }
    },
    {
      "type": "Feature",
      "properties": {
        "cycleway:both": "no",
        "highway": "residential",
        "lanes": "1",
        "lit": "yes",
        "maxspeed": "50",
        "maxspeed:type": "sign",
        "name": "Corso Rodolfo Montevecchio",
        "name:etymology:wikidata": "Q3939950",
        "oneway": "yes",
        "sidewalk": "both",
        "surface": "asphalt"
      },
      "geometry": {
        "type": "Point",
        "coordinates": [
          7.6631633,
          45.0641958
        ]
      }
    },
    {
      "type": "Feature",
      "properties": {
        "cycleway:both": "no",
        "highway": "residential",
        "lanes": "1",
        "lit": "yes",
        "maxspeed": "30",
        "name": "Corso Duca degli Abruzzi",
        "oneway": "yes",
        "parking:left": "lane",
        "parking:left:fee": "yes",
        "parking:left:orientation": "diagonal",
        "parking:right": "lane",
        "parking:right:fee": "yes",
        "parking:right:orientation": "parallel",
        "sidewalk": "both",
        "smoothness": "good",
        "source:maxspeed": "sign",
        "surface": "sett"
      },
      "geometry": {
        "type": "Point",
        "coordinates": [
          7.6624328,
          45.0623968
        ]
      }
    },
    {
      "type": "Feature",
      "properties": {
        "cycleway:both": "no",
        "highway": "residential",
        "lanes": "2",
        "lit": "yes",
        "maxspeed": "30",
        "maxspeed:type": "sign",
        "name": "Corso Stati Uniti",
        "name:etymology:wikidata": "Q30",
        "oneway": "yes",
        "sidewalk": "right",
        "sidewalk:right:surface": "paving_stones",
        "surface": "asphalt"
      },
      "geometry": {
        "type": "Point",
        "coordinates": [
          7.6629195,
          45.0658591
        ]
      }
    },
    {
      "type": "Feature",
      "properties": {
        "highway": "residential",
        "lit": "yes",
        "name": "Via Andrea Vochieri",
        "name:etymology:wikidata": "Q2846425",
        "oneway": "yes",
        "surface": "asphalt"
      },
      "geometry": {
        "type": "Point",
        "coordinates": [
          7.6561793,
          45.0661714
        ]
      }
    },
    {
      "type": "Feature",
      "properties": {
        "cycleway:both": "no",
        "highway": "tertiary",
        "lanes": "3",
        "lanes:backward": "2",
        "lanes:forward": "1",
        "lit": "yes",
        "name": "Via Paolo Borsellino",
        "name:etymology:wikidata": "Q312302",
        "oneway": "no",
        "sidewalk": "both",
        "surface": "asphalt"
      },
      "geometry": {
        "type": "Point",
        "coordinates": [
          7.6578155,
          45.0668764
        ]
      }
    },
    {
      "type": "Feature",
      "properties": {
        "cycleway:both": "no",
        "highway": "residential",
        "lit": "yes",
        "name": "Via Magenta",
        "name:etymology:wikidata": "Q42595",
        "oneway": "yes",
        "sidewalk": "both",
        "surface": "asphalt"
      },
      "geometry": {
        "type": "Point",
        "coordinates": [
          7.664031,
          45.0670891
        ]
      }
    },
    {
      "type": "Feature",
      "properties": {
        "cycleway:both": "no",
        "highway": "secondary",
        "lanes": "2",
        "lit": "yes",
        "maxspeed": "50",
        "name": "Corso Castelfidardo",
        "name:etymology:wikidata": "Q123833",
        "oneway": "yes",
        "smoothness": "good",
        "source": "TCI, Guida d'Italia, 1914",
        "surface": "asphalt"
      },
      "geometry": {
        "type": "Point",
        "coordinates": [
          7.6618465,
          45.0671184
        ]
      }
    },
    {
      "type": "Feature",
      "properties": {
        "cycleway:both": "no",
        "highway": "residential",
        "lanes": "1",
        "lit": "yes",
        "maxspeed": "30",
        "maxspeed:type": "sign",
        "name": "Corso Castelfidardo",
        "name:etymology:wikidata": "Q123833",
        "oneway": "yes",
        "sidewalk": "right",
        "source": "TCI, Guida d'Italia, 1914",
        "surface": "unhewn_cobblestone"
      },
      "geometry": {
        "type": "Point",
        "coordinates": [
          7.660222,
          45.064998
        ]
      }
    },
    {
      "type": "Feature",
      "properties": {
        "access": "private",
        "highway": "service",
        "service": "parking_aisle",
        "surface": "asphalt"
      },
      "geometry": {
        "type": "Point",
        "coordinates": [
          7.6573911,
          45.0624102
        ]
      }
    },
    {
      "type": "Feature",
      "properties": {
        "access": "private",
        "highway": "service",
        "service": "parking_aisle",
        "surface": "asphalt"
      },
      "geometry": {
        "type": "Point",
        "coordinates": [
          7.6561011,
          45.0637551
        ]
      }
    },
    {
      "type": "Feature",
      "properties": {
        "access": "private",
        "amenity": "parking",
        "parking": "surface"
      },
      "geometry": {
        "type": "Point",
        "coordinates": [
          7.6622131,
          45.0637761
        ]
      }
    },
    {
      "type": "Feature",
      "properties": {
        "access": "private",
        "highway": "service",
        "oneway": "yes",
        "surface": "asphalt"
      },
      "geometry": {
        "type": "Point",
        "coordinates": [
          7.6621888,
          45.0639689
        ]
      }
    },
    {
      "type": "Feature",
      "properties": {
        "building": "university",
        "building:levels": "4",
        "building:min_level": "2",
        "layer": "1",
        "roof:shape": "flat"
      },
      "geometry": {
        "type": "Point",
        "coordinates": [
          7.6587744,
          45.0629726
        ]
      }
    },
    {
      "type": "Feature",
      "properties": {
        "building": "university",
        "building:levels": "4"
      },
      "geometry": {
        "type": "Point",
        "coordinates": [
          7.6599974,
          45.0633044
        ]
      }
    },
    {
      "type": "Feature",
      "properties": {
        "building": "university",
        "building:levels": "4",
        "building:min_level": "2",
        "layer": "1",
        "roof:shape": "flat"
      },
      "geometry": {
        "type": "Point",
        "coordinates": [
          7.6596255,
          45.0641953
        ]
      }
    },
    {
      "type": "Feature",
      "properties": {
        "bicycle": "yes",
        "highway": "pedestrian",
        "lit": "yes",
        "name": "Corso Trieste",
        "name:etymology:wikidata": "Q546",
        "surface": "asphalt"
      },
      "geometry": {
        "type": "Point",
        "coordinates": [
          7.6647209,
          45.0622957
        ]
      }
    },
    {
      "type": "Feature",
      "properties": {
        "addr:city": "Torino",
        "addr:housenumber": "30a",
        "addr:postcode": "10129",
        "addr:street": "Corso Castelfidardo",
        "building": "yes",
        "building:levels": "2",
        "height": "20"
      },
      "geometry": {
        "type": "Point",
        "coordinates": [
          7.6591398,
          45.0652727
        ]
      }
    },
    {
      "type": "Feature",
      "properties": {
        "building": "office",
        "building:levels": "1",
        "height": "6",
        "name": "Incubatore di Imprese Innovative del Politecnico di Torino",
        "short_name": "I3P",
        "website": "https://www.i3p.it/",
        "wikidata": "Q17098143"
      },
      "geometry": {
        "type": "Point",
        "coordinates": [
          7.6580854,
          45.0656312
        ]
      }
    },
    {
      "type": "Feature",
      "properties": {
        "building": "university",
        "building:levels": "3"
      },
      "geometry": {
        "type": "Point",
        "coordinates": [
          7.6567663,
          45.0650995
        ]
      }
    },
    {
      "type": "Feature",
      "properties": {
        "building": "school",
        "building:levels": "4"
      },
      "geometry": {
        "type": "Point",
        "coordinates": [
          7.6626638,
          45.0638381
        ]
      }
    },
    {
      "type": "Feature",
      "properties": {
        "amenity": "cafe",
        "building": "kiosk",
        "indoor_seating": "yes",
        "name": "Nel\u00ecda bistrot",
        "opening_hours": "Mo-Fr 08:00-21:00; Sa 09:30-20:00",
        "outdoor_seating": "yes"
      },
      "geometry": {
        "type": "Point",
        "coordinates": [
          7.6633056,
          45.0625086
        ]
      }
    },
    {
      "type": "Feature",
      "properties": {
        "addr:housenumber": "36",
        "addr:postcode": "10129",
        "addr:street": "Corso Castelfidardo",
        "building": "commercial",
        "building:levels": "4",
        "name": "PUNCH Torino S.p.A.",
        "roof:shape": "flat",
        "wikidata": "Q31837328",
        "wikipedia": "it:Punch Powertrain"
      },
      "geometry": {
        "type": "Point",
        "coordinates": [
          7.658309,
          45.0638931
        ]
      }
    },
    {
      "type": "Feature",
      "properties": {
        "building": "industrial",
        "building:levels": "2",
        "historic": "building",
        "name": "Officine Grandi Riparazioni",
        "website": "https://ogrtorino.it/",
        "wikidata": "Q16583604",
        "wikipedia": "it:Officina Grandi Riparazioni di Torino"
      },
      "geometry": {
        "type": "Point",
        "coordinates": [
          7.6598285,
          45.0665482
        ]
      }
    },
    {
      "type": "Feature",
      "properties": {
        "highway": "residential",
        "lanes": "1",
        "name": "Corso Ciro Menotti",
        "oneway": "no",
        "priority": "forward",
        "short_name": "Corso Menotti",
        "surface": "asphalt"
      },
      "geometry": {
        "type": "Point",
        "coordinates": [
          7.6559594,
          45.0649163
        ]
      }
    },
    {
      "type": "Feature",
      "properties": {
        "cycleway:both": "no",
        "highway": "secondary",
        "lanes": "4",
        "lit": "yes",
        "name": "Corso Francesco Ferrucci",
        "name:etymology:wikidata": "Q581799",
        "parking:both": "no",
        "short_name": "Corso Ferrucci",
        "surface": "asphalt"
      },
      "geometry": {
        "type": "Point",
        "coordinates": [
          7.6556565,
          45.0639045
        ]
      }
    },
    {
      "type": "Feature",
      "properties": {
        "building": "yes",
        "name": "ex Westinghouse"
      },
      "geometry": {
        "type": "Point",
        "coordinates": [
          7.6575222,
          45.0671792
        ]
      }
    },
    {
      "type": "Feature",
      "properties": {
        "cycleway:both": "no",
        "highway": "secondary",
        "lanes": "3",
        "lit": "yes",
        "maxspeed": "50",
        "name": "Corso Castelfidardo",
        "name:etymology:wikidata": "Q123833",
        "oneway": "yes",
        "sidewalk": "no",
        "source": "TCI, Guida d'Italia, 1914",
        "surface": "asphalt"
      },
      "geometry": {
        "type": "Point",
        "coordinates": [
          7.6621131,
          45.0672161
        ]
      }
    },
    {
      "type": "Feature",
      "properties": {
        "cycleway:both": "no",
        "foot": "no",
        "highway": "secondary",
        "lanes": "2",
        "lit": "yes",
        "maxspeed": "50",
        "maxspeed:type": "sign",
        "name": "Corso Castelfidardo",
        "name:etymology:wikidata": "Q123833",
        "oneway": "yes",
        "sidewalk": "no",
        "source": "TCI, Guida d'Italia, 1914",
        "surface": "asphalt"
      },
      "geometry": {
        "type": "Point",
        "coordinates": [
          7.6604012,
          45.0650835
        ]
      }
    },
    {
      "type": "Feature",
      "properties": {
        "building": "apartments",
        "building:levels": "10",
        "height": "30",
        "ref": "A3"
      },
      "geometry": {
        "type": "Point",
        "coordinates": [
          7.6570685,
          45.0662841
        ]
      }
    },
    {
      "type": "Feature",
      "properties": {
        "building": "apartments",
        "building:levels": "6",
        "height": "18",
        "name": "A2",
        "ref": "A2"
      },
      "geometry": {
        "type": "Point",
        "coordinates": [
          7.6567412,
          45.066134
        ]
      }
    },
    {
      "type": "Feature",
      "properties": {
        "building": "apartments",
        "building:levels": "10",
        "height": "30",
        "ref": "A4"
      },
      "geometry": {
        "type": "Point",
        "coordinates": [
          7.6571089,
          45.0665388
        ]
      }
    },
    {
      "type": "Feature",
      "properties": {
        "building": "apartments",
        "building:levels": "6",
        "height": "18",
        "ref": "A1"
      },
      "geometry": {
        "type": "Point",
        "coordinates": [
          7.656097,
          45.0663842
        ]
      }
    },
    {
      "type": "Feature",
      "properties": {
        "cycleway:both": "no",
        "highway": "secondary",
        "lanes": "3",
        "lit": "yes",
        "maxspeed": "50",
        "maxspeed:type": "sign",
        "name": "Corso Stati Uniti",
        "name:etymology:wikidata": "Q30",
        "old_name": "Corso Duca di Genova",
        "oneway": "yes",
        "sidewalk": "right",
        "smoothness": "intermediate",
        "surface": "asphalt"
      },
      "geometry": {
        "type": "Point",
        "coordinates": [
          7.6621759,
          45.0657598
        ]
      }
    },
    {
      "type": "Feature",
      "properties": {
        "cycleway:both": "no",
        "foot": "no",
        "highway": "secondary_link",
        "lanes": "2",
        "lit": "yes",
        "maxspeed": "50",
        "maxspeed:type": "sign",
        "name": "Corso Stati Uniti",
        "name:etymology:wikidata": "Q30",
        "oneway": "yes",
        "sidewalk": "no",
        "source": "TCI, Guida d'Italia, 1914",
        "surface": "asphalt"
      },
      "geometry": {
        "type": "Point",
        "coordinates": [
          7.6618991,
          45.0659299
        ]
      }
    },
    {
      "type": "Feature",
      "properties": {
        "cycleway:both": "no",
        "foot": "no",
        "highway": "secondary",
        "lanes": "2",
        "lit": "yes",
        "maxspeed": "50",
        "maxspeed:type": "sign",
        "name": "Corso Stati Uniti",
        "name:etymology:wikidata": "Q30",
        "oneway": "yes",
        "sidewalk": "no",
        "source": "TCI, Guida d'Italia, 1914",
        "surface": "asphalt"
      },
      "geometry": {
        "type": "Point",
        "coordinates": [
          7.6610793,
          45.0658882
        ]
      }
    },
    {
      "type": "Feature",
      "properties": {
        "cycleway:both": "no",
        "highway": "secondary",
        "lanes": "2",
        "lit": "yes",
        "maxspeed": "50",
        "maxspeed:type": "sign",
        "name": "Corso Stati Uniti",
        "name:etymology:wikidata": "Q30",
        "oneway": "yes",
        "source": "TCI, Guida d'Italia, 1914",
        "surface": "asphalt"
      },
      "geometry": {
        "type": "Point",
        "coordinates": [
          7.6615002,
          45.0658214
        ]
      }
    },
    {
      "type": "Feature",
      "properties": {
        "access": "permissive",
        "area": "yes",
        "foot": "permissive",
        "highway": "pedestrian",
        "lit": "yes",
        "motor_vehicle": "permit",
        "surface": "concrete:plates"
      },
      "geometry": {
        "type": "Point",
        "coordinates": [
          7.6603944,
          45.0663625
        ]
      }
    },
    {
      "type": "Feature",
      "properties": {
        "access": "private",
        "highway": "service",
        "surface": "asphalt"
      },
      "geometry": {
        "type": "Point",
        "coordinates": [
          7.6591015,
          45.0660327
        ]
      }
    },
    {
      "type": "Feature",
      "properties": {
        "amenity": "bench",
        "material": "wood",
        "seats": "2"
      },
      "geometry": {
        "type": "Point",
        "coordinates": [
          7.6593983,
          45.0635193
        ]
      }
    },
    {
      "type": "Feature",
      "properties": {
        "addr:city": "Torino",
        "addr:housenumber": "34a",
        "addr:postcode": "10128",
        "addr:street": "Corso Castelfidardo",
        "amenity": "bar",
        "building": "yes",
        "contact:facebook": "emere.arco@gmail.com",
        "contact:instagram": "mixto_torino",
        "fax": "+39 011 434 9363",
        "height": "15",
        "name": "MixTo",
        "phone": "+39 011 433 1908",
        "website": "http://www.mixtotorino.it",
        "wheelchair": "yes"
      },
      "geometry": {
        "type": "Point",
        "coordinates": [
          7.6593606,
          45.0646525
        ]
      }
    },
    {
      "type": "Feature",
      "properties": {
        "building": "university",
        "building:levels": "3"
      },
      "geometry": {
        "type": "Point",
        "coordinates": [
          7.6592686,
          45.0622486
        ]
      }
    },
    {
      "type": "Feature",
      "properties": {
        "access": "no",
        "check_date": "2023-05-04",
        "construction": "service",
        "highway": "construction",
        "oneway": "yes"
      },
      "geometry": {
        "type": "Point",
        "coordinates": [
          7.6572679,
          45.065118
        ]
      }
    },
    {
      "type": "Feature",
      "properties": {
        "building": "apartments"
      },
      "geometry": {
        "type": "Point",
        "coordinates": [
          7.6559436,
          45.0669015
        ]
      }
    },
    {
      "type": "Feature",
      "properties": {
        "access": "private",
        "covered": "yes",
        "highway": "footway"
      },
      "geometry": {
        "type": "Point",
        "coordinates": [
          7.657104,
          45.0661491
        ]
      }
    },
    {
      "type": "Feature",
      "properties": {
        "access": "private",
        "covered": "yes",
        "highway": "footway"
      },
      "geometry": {
        "type": "Point",
        "coordinates": [
          7.6566949,
          45.066248
        ]
      }
    },
    {
      "type": "Feature",
      "properties": {
        "access": "private",
        "covered": "yes",
        "highway": "footway",
        "layer": "-1"
      },
      "geometry": {
        "type": "Point",
        "coordinates": [
          7.6572083,
          45.0662774
        ]
      }
    },
    {
      "type": "Feature",
      "properties": {
        "access": "private",
        "covered": "yes",
        "highway": "footway",
        "layer": "-1"
      },
      "geometry": {
        "type": "Point",
        "coordinates": [
          7.6571629,
          45.066219
        ]
      }
    },
    {
      "type": "Feature",
      "properties": {
        "access": "private",
        "covered": "yes",
        "highway": "footway",
        "layer": "-1"
      },
      "geometry": {
        "type": "Point",
        "coordinates": [
          7.6572182,
          45.066273
        ]
      }
    },
    {
      "type": "Feature",
      "properties": {
        "access": "private",
        "covered": "yes",
        "highway": "footway",
        "layer": "-1"
      },
      "geometry": {
        "type": "Point",
        "coordinates": [
          7.6571764,
          45.0662142
        ]
      }
    },
    {
      "type": "Feature",
      "properties": {
        "access": "private",
        "covered": "yes",
        "highway": "footway"
      },
      "geometry": {
        "type": "Point",
        "coordinates": [
          7.6571726,
          45.066385
        ]
      }
    },
    {
      "type": "Feature",
      "properties": {
        "highway": "footway",
        "lit": "yes",
        "surface": "asphalt"
      },
      "geometry": {
        "type": "Point",
        "coordinates": [
          7.657216,
          45.0661494
        ]
      }
    },
    {
      "type": "Feature",
      "properties": {
        "building": "residential"
      },
      "geometry": {
        "type": "Point",
        "coordinates": [
          7.6629628,
          45.067284
        ]
      }
    },
    {
      "type": "Feature",
      "properties": {
        "access": "yes",
        "amenity": "parking",
        "fee": "no",
        "name": "Bixio",
        "operator": "Comune di Torino",
        "parking": "surface",
        "surface": "asphalt"
      },
      "geometry": {
        "type": "Point",
        "coordinates": [
          7.6578292,
          45.0677256
        ]
      }
    },
    {
      "type": "Feature",
      "properties": {
        "covered": "building_passage",
        "crossing": "traffic_signals",
        "crossing:signals": "yes",
        "footway": "crossing",
        "highway": "footway",
        "layer": "0",
        "lit": "yes",
        "surface": "asphalt"
      },
      "geometry": {
        "type": "Point",
        "coordinates": [
          7.6598342,
          45.0640851
        ]
      }
    },
    {
      "type": "Feature",
      "properties": {
        "highway": "service",
        "surface": "unhewn_cobblestone"
      },
      "geometry": {
        "type": "Point",
        "coordinates": [
          7.6606398,
          45.0645378
        ]
      }
    },
    {
      "type": "Feature",
      "properties": {
        "highway": "footway",
        "lit": "yes",
        "tunnel": "building_passage"
      },
      "geometry": {
        "type": "Point",
        "coordinates": [
          7.6594328,
          45.0642806
        ]
      }
    },
    {
      "type": "Feature",
      "properties": {
        "highway": "footway",
        "lit": "yes",
        "surface": "paving_stones",
        "tunnel": "building_passage"
      },
      "geometry": {
        "type": "Point",
        "coordinates": [
          7.65938,
          45.0642452
        ]
      }
    },
    {
      "type": "Feature",
      "properties": {
        "highway": "footway",
        "lit": "yes",
        "surface": "paving_stones",
        "tunnel": "building_passage"
      },
      "geometry": {
        "type": "Point",
        "coordinates": [
          7.6589222,
          45.0643812
        ]
      }
    },
    {
      "type": "Feature",
      "properties": {
        "highway": "footway",
        "lit": "yes",
        "surface": "paving_stones"
      },
      "geometry": {
        "type": "Point",
        "coordinates": [
          7.6587592,
          45.0637486
        ]
      }
    },
    {
      "type": "Feature",
      "properties": {
        "highway": "footway",
        "layer": "0",
        "lit": "yes",
        "surface": "asphalt",
        "tunnel": "building_passage"
      },
      "geometry": {
        "type": "Point",
        "coordinates": [
          7.6582942,
          45.063199
        ]
      }
    },
    {
      "type": "Feature",
      "properties": {
        "highway": "footway"
      },
      "geometry": {
        "type": "Point",
        "coordinates": [
          7.6567906,
          45.064451
        ]
      }
    },
    {
      "type": "Feature",
      "properties": {
        "highway": "footway"
      },
      "geometry": {
        "type": "Point",
        "coordinates": [
          7.6561499,
          45.0639082
        ]
      }
    },
    {
      "type": "Feature",
      "properties": {
        "highway": "footway"
      },
      "geometry": {
        "type": "Point",
        "coordinates": [
          7.6567203,
          45.0645386
        ]
      }
    },
    {
      "type": "Feature",
      "properties": {
        "foot": "yes",
        "highway": "steps"
      },
      "geometry": {
        "type": "Point",
        "coordinates": [
          7.6561631,
          45.0639732
        ]
      }
    },
    {
      "type": "Feature",
      "properties": {
        "access": "no",
        "construction": "footway",
        "highway": "construction"
      },
      "geometry": {
        "type": "Point",
        "coordinates": [
          7.6573939,
          45.0649123
        ]
      }
    },
    {
      "type": "Feature",
      "properties": {
        "highway": "footway"
      },
      "geometry": {
        "type": "Point",
        "coordinates": [
          7.6570017,
          45.0650375
        ]
      }
    },
    {
      "type": "Feature",
      "properties": {
        "highway": "service",
        "lit": "yes",
        "surface": "asphalt"
      },
      "geometry": {
        "type": "Point",
        "coordinates": [
          7.6580809,
          45.0648467
        ]
      }
    },
    {
      "type": "Feature",
      "properties": {
        "highway": "footway",
        "lit": "yes",
        "surface": "sett"
      },
      "geometry": {
        "type": "Point",
        "coordinates": [
          7.6607271,
          45.0642088
        ]
      }
    },
    {
      "type": "Feature",
      "properties": {
        "highway": "footway",
        "lit": "yes",
        "surface": "sett"
      },
      "geometry": {
        "type": "Point",
        "coordinates": [
          7.6605165,
          45.0634429
        ]
      }
    },
    {
      "type": "Feature",
      "properties": {
        "highway": "footway",
        "lit": "yes",
        "surface": "concrete"
      },
      "geometry": {
        "type": "Point",
        "coordinates": [
          7.6608627,
          45.0629773
        ]
      }
    },
    {
      "type": "Feature",
      "properties": {
        "highway": "footway",
        "lit": "yes",
        "surface": "sett"
      },
      "geometry": {
        "type": "Point",
        "coordinates": [
          7.6602393,
          45.063188
        ]
      }
    },
    {
      "type": "Feature",
      "properties": {
        "highway": "footway",
        "lit": "yes",
        "surface": "sett"
      },
      "geometry": {
        "type": "Point",
        "coordinates": [
          7.660203,
          45.0632413
        ]
      }
    },
    {
      "type": "Feature",
      "properties": {
        "highway": "footway",
        "lit": "yes",
        "surface": "paving_stones"
      },
      "geometry": {
        "type": "Point",
        "coordinates": [
          7.6599257,
          45.0633064
        ]
      }
    },
    {
      "type": "Feature",
      "properties": {
        "access": "private",
        "highway": "service",
        "surface": "asphalt"
      },
      "geometry": {
        "type": "Point",
        "coordinates": [
          7.6596781,
          45.0625555
        ]
      }
    },
    {
      "type": "Feature",
      "properties": {
        "access": "private",
        "highway": "service"
      },
      "geometry": {
        "type": "Point",
        "coordinates": [
          7.6610901,
          45.0646332
        ]
      }
    },
    {
      "type": "Feature",
      "properties": {
        "bicycle": "no",
        "cutting": "yes",
        "highway": "footway",
        "horse": "no",
        "level": "-1",
        "surface": "paving_stones"
      },
      "geometry": {
        "type": "Point",
        "coordinates": [
          7.6585241,
          45.0654975
        ]
      }
    },
    {
      "type": "Feature",
      "properties": {
        "highway": "footway",
        "level": "-1",
        "lit": "yes",
        "surface": "paving_stones"
      },
      "geometry": {
        "type": "Point",
        "coordinates": [
          7.6585265,
          45.065501
        ]
      }
    },
    {
      "type": "Feature",
      "properties": {
        "access": "yes",
        "handrail": "yes",
        "highway": "steps",
        "level": "0;-1",
        "ramp": "no",
        "step_count": "30",
        "surface": "paving_stones"
      },
      "geometry": {
        "type": "Point",
        "coordinates": [
          7.6588045,
          45.0659815
        ]
      }
    },
    {
      "type": "Feature",
      "properties": {
        "access": "yes",
        "handrail": "yes",
        "highway": "steps",
        "level": "0;-1",
        "ramp": "no",
        "step_count": "30",
        "surface": "paving_stones"
      },
      "geometry": {
        "type": "Point",
        "coordinates": [
          7.6589031,
          45.0659476
        ]
      }
    },
    {
      "type": "Feature",
      "properties": {
        "handrail": "yes",
        "highway": "steps",
        "incline": "down",
        "lit": "yes",
        "ramp": "no",
        "step_count": "7",
        "surface": "paving_stones"
      },
      "geometry": {
        "type": "Point",
        "coordinates": [
          7.6591785,
          45.0645042
        ]
      }
    },
    {
      "type": "Feature",
      "properties": {
        "access": "yes",
        "handrail": "yes",
        "highway": "steps",
        "level": "0;-1",
        "lit": "yes",
        "ramp": "no",
        "step_count": "30",
        "surface": "paving_stones"
      },
      "geometry": {
        "type": "Point",
        "coordinates": [
          7.6581281,
          45.0650172
        ]
      }
    },
    {
      "type": "Feature",
      "properties": {
        "access": "yes",
        "handrail": "yes",
        "highway": "steps",
        "level": "0;-1",
        "lit": "yes",
        "ramp": "no",
        "step_count": "30",
        "surface": "paving_stones"
      },
      "geometry": {
        "type": "Point",
        "coordinates": [
          7.658226,
          45.064983
        ]
      }
    },
    {
      "type": "Feature",
      "properties": {
        "highway": "footway",
        "lit": "no",
        "smoothness": "excellent",
        "surface": "paving_stones"
      },
      "geometry": {
        "type": "Point",
        "coordinates": [
          7.6578394,
          45.0661041
        ]
      }
    },
    {
      "type": "Feature",
      "properties": {
        "bicycle": "designated",
        "check_date:footway:surface": "2025-09-16",
        "cycleway:surface": "paving_stones",
        "foot": "designated",
        "footway:surface": "paving_stones",
        "highway": "cycleway",
        "lit": "yes",
        "oneway": "no",
        "segregated": "yes",
        "surface": "paving_stones"
      },
      "geometry": {
        "type": "Point",
        "coordinates": [
          7.6625939,
          45.0671537
        ]
      }
    },
    {
      "type": "Feature",
      "properties": {
        "bicycle": "dismount",
        "crossing": "traffic_signals",
        "footway": "crossing",
        "highway": "footway",
        "lit": "yes",
        "oneway": "no",
        "surface": "asphalt"
      },
      "geometry": {
        "type": "Point",
        "coordinates": [
          7.6628821,
          45.0625172
        ]
      }
    },
    {
      "type": "Feature",
      "properties": {
        "bicycle": "yes",
        "highway": "pedestrian",
        "lit": "yes",
        "name": "Corso Trento",
        "name:etymology:wikidata": "Q3376",
        "surface": "asphalt"
      },
      "geometry": {
        "type": "Point",
        "coordinates": [
          7.6630002,
          45.0621606
        ]
      }
    },
    {
      "type": "Feature",
      "properties": {
        "bicycle": "yes",
        "highway": "pedestrian",
        "lit": "yes",
        "name": "Piazzale Duca d'Aosta",
        "surface": "asphalt"
      },
      "geometry": {
        "type": "Point",
        "coordinates": [
          7.6632232,
          45.062175
        ]
      }
    },
    {
      "type": "Feature",
      "properties": {
        "highway": "footway",
        "lit": "yes",
        "surface": "paving_stones",
        "tunnel": "building_passage"
      },
      "geometry": {
        "type": "Point",
        "coordinates": [
          7.6603258,
          45.0639506
        ]
      }
    },
    {
      "type": "Feature",
      "properties": {
        "covered": "building_passage",
        "crossing": "traffic_signals",
        "crossing:signals": "yes",
        "footway": "crossing",
        "highway": "footway",
        "layer": "0",
        "lit": "yes",
        "surface": "asphalt"
      },
      "geometry": {
        "type": "Point",
        "coordinates": [
          7.6588977,
          45.0629632
        ]
      }
    },
    {
      "type": "Feature",
      "properties": {
        "highway": "footway",
        "lit": "no",
        "smoothness": "excellent",
        "surface": "paving_stones"
      },
      "geometry": {
        "type": "Point",
        "coordinates": [
          7.6574151,
          45.0657699
        ]
      }
    },
    {
      "type": "Feature",
      "properties": {
        "highway": "footway",
        "lit": "yes",
        "surface": "paving_stones"
      },
      "geometry": {
        "type": "Point",
        "coordinates": [
          7.65986,
          45.0652272
        ]
      }
    },
    {
      "type": "Feature",
      "properties": {
        "highway": "footway",
        "lit": "yes",
        "surface": "asphalt"
      },
      "geometry": {
        "type": "Point",
        "coordinates": [
          7.6611661,
          45.0620852
        ]
      }
    },
    {
      "type": "Feature",
      "properties": {
        "cutting": "yes",
        "highway": "service",
        "service": "emergency_access"
      },
      "geometry": {
        "type": "Point",
        "coordinates": [
          7.6600782,
          45.0655168
        ]
      }
    },
    {
      "type": "Feature",
      "properties": {
        "highway": "footway",
        "surface": "paving_stones"
      },
      "geometry": {
        "type": "Point",
        "coordinates": [
          7.6590982,
          45.0653781
        ]
      }
    },
    {
      "type": "Feature",
      "properties": {
        "highway": "footway",
        "surface": "paving_stones"
      },
      "geometry": {
        "type": "Point",
        "coordinates": [
          7.6585165,
          45.065562
        ]
      }
    },
    {
      "type": "Feature",
      "properties": {
        "building": "university",
        "building:levels": "1",
        "level": "0",
        "name": "Ingresso aule I"
      },
      "geometry": {
        "type": "Point",
        "coordinates": [
          7.658857,
          45.0659697
        ]
      }
    },
    {
      "type": "Feature",
      "properties": {
        "highway": "footway"
      },
      "geometry": {
        "type": "Point",
        "coordinates": [
          7.6588858,
          45.0660131
        ]
      }
    },
    {
      "type": "Feature",
      "properties": {
        "building": "university",
        "building:levels": "1",
        "level": "0",
        "name": "Ingresso Aule I",
        "name:it": "Ingresso Aule I"
      },
      "geometry": {
        "type": "Point",
        "coordinates": [
          7.6581979,
          45.0650295
        ]
      }
    },
    {
      "type": "Feature",
      "properties": {
        "highway": "footway",
        "lit": "yes",
        "surface": "paving_stones"
      },
      "geometry": {
        "type": "Point",
        "coordinates": [
          7.6581466,
          45.0649556
        ]
      }
    },
    {
      "type": "Feature",
      "properties": {
        "access": "private",
        "highway": "service",
        "surface": "asphalt"
      },
      "geometry": {
        "type": "Point",
        "coordinates": [
          7.6597366,
          45.0652539
        ]
      }
    },
    {
      "type": "Feature",
      "properties": {
        "highway": "footway",
        "lit": "yes",
        "surface": "asphalt"
      },
      "geometry": {
        "type": "Point",
        "coordinates": [
          7.6595973,
          45.064579
        ]
      }
    },
    {
      "type": "Feature",
      "properties": {
        "highway": "footway",
        "lit": "yes",
        "surface": "concrete"
      },
      "geometry": {
        "type": "Point",
        "coordinates": [
          7.6596009,
          45.0646736
        ]
      }
    },
    {
      "type": "Feature",
      "properties": {
        "access": "no",
        "check_date": "2023-05-04",
        "construction": "footway",
        "highway": "construction"
      },
      "geometry": {
        "type": "Point",
        "coordinates": [
          7.657193,
          45.0650849
        ]
      }
    },
    {
      "type": "Feature",
      "properties": {
        "highway": "footway",
        "lit": "yes",
        "surface": "concrete"
      },
      "geometry": {
        "type": "Point",
        "coordinates": [
          7.6604458,
          45.0655786
        ]
      }
    },
    {
      "type": "Feature",
      "properties": {
        "crossing": "traffic_signals",
        "crossing:island": "yes",
        "crossing:signals": "yes",
        "footway": "crossing",
        "highway": "footway",
        "lit": "yes",
        "surface": "asphalt"
      },
      "geometry": {
        "type": "Point",
        "coordinates": [
          7.6611261,
          45.0656899
        ]
      }
    },
    {
      "type": "Feature",
      "properties": {
        "highway": "footway",
        "lit": "yes",
        "surface": "concrete:plates"
      },
      "geometry": {
        "type": "Point",
        "coordinates": [
          7.6596857,
          45.0645488
        ]
      }
    },
    {
      "type": "Feature",
      "properties": {
        "highway": "footway",
        "lit": "yes",
        "surface": "paving_stones"
      },
      "geometry": {
        "type": "Point",
        "coordinates": [
          7.659053,
          45.0636414
        ]
      }
    },
    {
      "type": "Feature",
      "properties": {
        "highway": "steps",
        "lit": "yes"
      },
      "geometry": {
        "type": "Point",
        "coordinates": [
          7.6558935,
          45.0637915
        ]
      }
    },
    {
      "type": "Feature",
      "properties": {
        "highway": "footway",
        "lit": "yes"
      },
      "geometry": {
        "type": "Point",
        "coordinates": [
          7.6558931,
          45.0637642
        ]
      }
    },
    {
      "type": "Feature",
      "properties": {
        "highway": "footway"
      },
      "geometry": {
        "type": "Point",
        "coordinates": [
          7.6563848,
          45.0642438
        ]
      }
    },
    {
      "type": "Feature",
      "properties": {
        "footway": "sidewalk",
        "highway": "footway",
        "lit": "yes",
        "surface": "asphalt"
      },
      "geometry": {
        "type": "Point",
        "coordinates": [
          7.6561027,
          45.0634491
        ]
      }
    },
    {
      "type": "Feature",
      "properties": {
        "highway": "footway",
        "lit": "yes"
      },
      "geometry": {
        "type": "Point",
        "coordinates": [
          7.6566056,
          45.0635616
        ]
      }
    },
    {
      "type": "Feature",
      "properties": {
        "highway": "footway"
      },
      "geometry": {
        "type": "Point",
        "coordinates": [
          7.6561913,
          45.0640139
        ]
      }
    },
    {
      "type": "Feature",
      "properties": {
        "highway": "footway"
      },
      "geometry": {
        "type": "Point",
        "coordinates": [
          7.657066,
          45.0656343
        ]
      }
    },
    {
      "type": "Feature",
      "properties": {
        "highway": "footway",
        "surface": "paved"
      },
      "geometry": {
        "type": "Point",
        "coordinates": [
          7.6572164,
          45.0658349
        ]
      }
    },
    {
      "type": "Feature",
      "properties": {
        "highway": "footway"
      },
      "geometry": {
        "type": "Point",
        "coordinates": [
          7.6563884,
          45.0646648
        ]
      }
    },
    {
      "type": "Feature",
      "properties": {
        "highway": "footway",
        "lit": "yes",
        "surface": "asphalt"
      },
      "geometry": {
        "type": "Point",
        "coordinates": [
          7.6559882,
          45.0640973
        ]
      }
    },
    {
      "type": "Feature",
      "properties": {
        "access": "private",
        "highway": "service",
        "surface": "paving_stones"
      },
      "geometry": {
        "type": "Point",
        "coordinates": [
          7.6577418,
          45.0656804
        ]
      }
    },
    {
      "type": "Feature",
      "properties": {
        "access": "private",
        "amenity": "parking",
        "parking": "surface"
      },
      "geometry": {
        "type": "Point",
        "coordinates": [
          7.6577393,
          45.0655874
        ]
      }
    },
    {
      "type": "Feature",
      "properties": {
        "highway": "footway"
      },
      "geometry": {
        "type": "Point",
        "coordinates": [
          7.6580706,
          45.0656903
        ]
      }
    },
    {
      "type": "Feature",
      "properties": {
        "access": "private",
        "highway": "service",
        "service": "driveway",
        "surface": "asphalt"
      },
      "geometry": {
        "type": "Point",
        "coordinates": [
          7.6600142,
          45.0652767
        ]
      }
    },
    {
      "type": "Feature",
      "properties": {
        "highway": "footway",
        "lit": "yes"
      },
      "geometry": {
        "type": "Point",
        "coordinates": [
          7.6602993,
          45.0655474
        ]
      }
    },
    {
      "type": "Feature",
      "properties": {
        "building": "apartments"
      },
      "geometry": {
        "type": "Point",
        "coordinates": [
          7.6563019,
          45.0654171
        ]
      }
    },
    {
      "type": "Feature",
      "properties": {
        "building": "apartments"
      },
      "geometry": {
        "type": "Point",
        "coordinates": [
          7.6561315,
          45.0649957
        ]
      }
    },
    {
      "type": "Feature",
      "properties": {
        "building": "apartments",
        "building:levels": "10"
      },
      "geometry": {
        "type": "Point",
        "coordinates": [
          7.6558309,
          45.065168
        ]
      }
    },
    {
      "type": "Feature",
      "properties": {
        "building": "apartments",
        "building:levels": "5",
        "height": "15"
      },
      "geometry": {
        "type": "Point",
        "coordinates": [
          7.6560122,
          45.0661084
        ]
      }
    },
    {
      "type": "Feature",
      "properties": {
        "building": "apartments",
        "building:levels": "6",
        "height": "18"
      },
      "geometry": {
        "type": "Point",
        "coordinates": [
          7.6567508,
          45.0658147
        ]
      }
    },
    {
      "type": "Feature",
      "properties": {
        "building": "yes",
        "name": "Camplus Residenza"
      },
      "geometry": {
        "type": "Point",
        "coordinates": [
          7.6564541,
          45.0667239
        ]
      }
    },
    {
      "type": "Feature",
      "properties": {
        "building": "apartments",
        "building:levels": "4",
        "height": "12"
      },
      "geometry": {
        "type": "Point",
        "coordinates": [
          7.6564747,
          45.065946
        ]
      }
    },
    {
      "type": "Feature",
      "properties": {
        "building": "apartments",
        "building:levels": "5",
        "height": "15"
      },
      "geometry": {
        "type": "Point",
        "coordinates": [
          7.656299,
          45.0660075
        ]
      }
    },
    {
      "type": "Feature",
      "properties": {
        "building": "apartments",
        "building:levels": "6",
        "height": "18"
      },
      "geometry": {
        "type": "Point",
        "coordinates": [
          7.6564089,
          45.0657745
        ]
      }
    },
    {
      "type": "Feature",
      "properties": {
        "highway": "tertiary",
        "lanes": "1",
        "lit": "yes",
        "name": "Via Fratelli Bandiera",
        "oneway": "yes",
        "sidewalk": "both",
        "surface": "asphalt"
      },
      "geometry": {
        "type": "Point",
        "coordinates": [
          7.6569592,
          45.0657191
        ]
      }
    },
    {
      "type": "Feature",
      "properties": {
        "building": "apartments",
        "building:levels": "6",
        "height": "18"
      },
      "geometry": {
        "type": "Point",
        "coordinates": [
          7.6561044,
          45.065747
        ]
      }
    },
    {
      "type": "Feature",
      "properties": {
        "building": "apartments",
        "building:levels": "8",
        "height": "24"
      },
      "geometry": {
        "type": "Point",
        "coordinates": [
          7.6557091,
          45.0657228
        ]
      }
    },
    {
      "type": "Feature",
      "properties": {
        "building": "garage",
        "height": "3"
      },
      "geometry": {
        "type": "Point",
        "coordinates": [
          7.6566043,
          45.0659358
        ]
      }
    },
    {
      "type": "Feature",
      "properties": {
        "building": "yes"
      },
      "geometry": {
        "type": "Point",
        "coordinates": [
          7.6558383,
          45.0654346
        ]
      }
    },
    {
      "type": "Feature",
      "properties": {
        "building": "apartments"
      },
      "geometry": {
        "type": "Point",
        "coordinates": [
          7.6563868,
          45.0651193
        ]
      }
    },
    {
      "type": "Feature",
      "properties": {
        "crossing": "zebra",
        "footway": "crossing",
        "highway": "footway",
        "lit": "yes",
        "surface": "asphalt"
      },
      "geometry": {
        "type": "Point",
        "coordinates": [
          7.6559766,
          45.0641949
        ]
      }
    },
    {
      "type": "Feature",
      "properties": {
        "highway": "service",
        "lit": "yes",
        "surface": "asphalt"
      },
      "geometry": {
        "type": "Point",
        "coordinates": [
          7.6587119,
          45.0646385
        ]
      }
    },
    {
      "type": "Feature",
      "properties": {
        "access": "private",
        "amenity": "parking",
        "building": "yes",
        "building:levels": "3",
        "parking": "multi-storey"
      },
      "geometry": {
        "type": "Point",
        "coordinates": [
          7.6577543,
          45.0640944
        ]
      }
    },
    {
      "type": "Feature",
      "properties": {
        "highway": "footway"
      },
      "geometry": {
        "type": "Point",
        "coordinates": [
          7.6564208,
          45.0646532
        ]
      }
    },
    {
      "type": "Feature",
      "properties": {
        "highway": "steps"
      },
      "geometry": {
        "type": "Point",
        "coordinates": [
          7.6564872,
          45.0646207
        ]
      }
    },
    {
      "type": "Feature",
      "properties": {
        "highway": "footway",
        "lit": "yes",
        "surface": "concrete"
      },
      "geometry": {
        "type": "Point",
        "coordinates": [
          7.6569785,
          45.0620075
        ]
      }
    },
    {
      "type": "Feature",
      "properties": {
        "footway": "sidewalk",
        "highway": "footway",
        "surface": "asphalt"
      },
      "geometry": {
        "type": "Point",
        "coordinates": [
          7.6561705,
          45.0654932
        ]
      }
    },
    {
      "type": "Feature",
      "properties": {
        "cycleway:both": "no",
        "highway": "secondary",
        "lanes": "2",
        "lit": "yes",
        "maxspeed": "50",
        "maxspeed:type": "sign",
        "name": "Corso Castelfidardo",
        "name:etymology:wikidata": "Q123833",
        "oneway": "yes",
        "sidewalk": "right",
        "sidewalk:right:surface": "concrete",
        "source": "TCI, Guida d'Italia, 1914",
        "surface": "asphalt"
      },
      "geometry": {
        "type": "Point",
        "coordinates": [
          7.6611553,
          45.0661798
        ]
      }
    },
    {
      "type": "Feature",
      "properties": {
        "building": "apartments",
        "building:levels": "5"
      },
      "geometry": {
        "type": "Point",
        "coordinates": [
          7.6636008,
          45.0643999
        ]
      }
    },
    {
      "type": "Feature",
      "properties": {
        "building": "apartments",
        "building:levels": "6"
      },
      "geometry": {
        "type": "Point",
        "coordinates": [
          7.6615456,
          45.0650837
        ]
      }
    },
    {
      "type": "Feature",
      "properties": {
        "building": "apartments"
      },
      "geometry": {
        "type": "Point",
        "coordinates": [
          7.6618889,
          45.0651293
        ]
      }
    },
    {
      "type": "Feature",
      "properties": {
        "building": "apartments",
        "building:levels": "9"
      },
      "geometry": {
        "type": "Point",
        "coordinates": [
          7.661473,
          45.0653319
        ]
      }
    },
    {
      "type": "Feature",
      "properties": {
        "building": "garages"
      },
      "geometry": {
        "type": "Point",
        "coordinates": [
          7.6617263,
          45.065309
        ]
      }
    },
    {
      "type": "Feature",
      "properties": {
        "building": "apartments",
        "building:levels": "6"
      },
      "geometry": {
        "type": "Point",
        "coordinates": [
          7.6617442,
          45.0650146
        ]
      }
    },
    {
      "type": "Feature",
      "properties": {
        "building": "apartments",
        "building:levels": "6"
      },
      "geometry": {
        "type": "Point",
        "coordinates": [
          7.6613789,
          45.0651647
        ]
      }
    },
    {
      "type": "Feature",
      "properties": {
        "building": "apartments",
        "building:levels": "5"
      },
      "geometry": {
        "type": "Point",
        "coordinates": [
          7.6620364,
          45.0653494
        ]
      }
    },
    {
      "type": "Feature",
      "properties": {
        "building": "apartments",
        "building:levels": "5"
      },
      "geometry": {
        "type": "Point",
        "coordinates": [
          7.6634019,
          45.0675067
        ]
      }
    },
    {
      "type": "Feature",
      "properties": {
        "building": "apartments",
        "building:levels": "5"
      },
      "geometry": {
        "type": "Point",
        "coordinates": [
          7.6617228,
          45.0655141
        ]
      }
    },
    {
      "type": "Feature",
      "properties": {
        "building": "service"
      },
      "geometry": {
        "type": "Point",
        "coordinates": [
          7.6633665,
          45.0660563
        ]
      }
    },
    {
      "type": "Feature",
      "properties": {
        "building": "apartments"
      },
      "geometry": {
        "type": "Point",
        "coordinates": [
          7.6635293,
          45.0663266
        ]
      }
    },
    {
      "type": "Feature",
      "properties": {
        "building": "apartments"
      },
      "geometry": {
        "type": "Point",
        "coordinates": [
          7.6632349,
          45.0664125
        ]
      }
    },
    {
      "type": "Feature",
      "properties": {
        "building": "apartments"
      },
      "geometry": {
        "type": "Point",
        "coordinates": [
          7.6631006,
          45.066267
        ]
      }
    },
    {
      "type": "Feature",
      "properties": {
        "building": "apartments"
      },
      "geometry": {
        "type": "Point",
        "coordinates": [
          7.663047,
          45.0660778
        ]
      }
    },
    {
      "type": "Feature",
      "properties": {
        "building": "apartments",
        "building:levels": "3"
      },
      "geometry": {
        "type": "Point",
        "coordinates": [
          7.6635509,
          45.0658464
        ]
      }
    },
    {
      "type": "Feature",
      "properties": {
        "building": "apartments"
      },
      "geometry": {
        "type": "Point",
        "coordinates": [
          7.663421,
          45.0666692
        ]
      }
    },
    {
      "type": "Feature",
      "properties": {
        "building": "apartments",
        "building:levels": "4",
        "roof:levels": "1"
      },
      "geometry": {
        "type": "Point",
        "coordinates": [
          7.6636827,
          45.0670403
        ]
      }
    },
    {
      "type": "Feature",
      "properties": {
        "building": "apartments"
      },
      "geometry": {
        "type": "Point",
        "coordinates": [
          7.6635323,
          45.0668764
        ]
      }
    },
    {
      "type": "Feature",
      "properties": {
        "building": "apartments"
      },
      "geometry": {
        "type": "Point",
        "coordinates": [
          7.6632336,
          45.0672556
        ]
      }
    },
    {
      "type": "Feature",
      "properties": {
        "building": "apartments"
      },
      "geometry": {
        "type": "Point",
        "coordinates": [
          7.6627665,
          45.0671448
        ]
      }
    },
    {
      "type": "Feature",
      "properties": {
        "building": "apartments"
      },
      "geometry": {
        "type": "Point",
        "coordinates": [
          7.6626452,
          45.0669719
        ]
      }
    },
    {
      "type": "Feature",
      "properties": {
        "building": "apartments"
      },
      "geometry": {
        "type": "Point",
        "coordinates": [
          7.6628506,
          45.0668378
        ]
      }
    },
    {
      "type": "Feature",
      "properties": {
        "building": "apartments"
      },
      "geometry": {
        "type": "Point",
        "coordinates": [
          7.6631084,
          45.0668032
        ]
      }
    },
    {
      "type": "Feature",
      "properties": {
        "building": "apartments"
      },
      "geometry": {
        "type": "Point",
        "coordinates": [
          7.6632307,
          45.066977
        ]
      }
    },
    {
      "type": "Feature",
      "properties": {
        "building": "garages"
      },
      "geometry": {
        "type": "Point",
        "coordinates": [
          7.662965,
          45.0670638
        ]
      }
    },
    {
      "type": "Feature",
      "properties": {
        "building": "apartments"
      },
      "geometry": {
        "type": "Point",
        "coordinates": [
          7.663353,
          45.067151
        ]
      }
    },
    {
      "type": "Feature",
      "properties": {
        "building": "garages"
      },
      "geometry": {
        "type": "Point",
        "coordinates": [
          7.6630237,
          45.0670429
        ]
      }
    },
    {
      "type": "Feature",
      "properties": {
        "building": "yes"
      },
      "geometry": {
        "type": "Point",
        "coordinates": [
          7.6623674,
          45.0661343
        ]
      }
    },
    {
      "type": "Feature",
      "properties": {
        "building": "apartments"
      },
      "geometry": {
        "type": "Point",
        "coordinates": [
          7.662364,
          45.0665774
        ]
      }
    },
    {
      "type": "Feature",
      "properties": {
        "building": "residential",
        "building:levels": "3"
      },
      "geometry": {
        "type": "Point",
        "coordinates": [
          7.6626755,
          45.0661923
        ]
      }
    },
    {
      "type": "Feature",
      "properties": {
        "building": "apartments"
      },
      "geometry": {
        "type": "Point",
        "coordinates": [
          7.6628,
          45.0663832
        ]
      }
    },
    {
      "type": "Feature",
      "properties": {
        "building": "apartments"
      },
      "geometry": {
        "type": "Point",
        "coordinates": [
          7.6625013,
          45.0666965
        ]
      }
    },
    {
      "type": "Feature",
      "properties": {
        "building": "apartments"
      },
      "geometry": {
        "type": "Point",
        "coordinates": [
          7.6628245,
          45.0665745
        ]
      }
    },
    {
      "type": "Feature",
      "properties": {
        "building": "apartments",
        "building:levels": "3"
      },
      "geometry": {
        "type": "Point",
        "coordinates": [
          7.6623869,
          45.0662997
        ]
      }
    },
    {
      "type": "Feature",
      "properties": {
        "crossing": "traffic_signals",
        "crossing:signals": "yes",
        "footway": "crossing",
        "highway": "footway",
        "lit": "yes",
        "surface": "asphalt"
      },
      "geometry": {
        "type": "Point",
        "coordinates": [
          7.661697,
          45.0664984
        ]
      }
    },
    {
      "type": "Feature",
      "properties": {
        "amenity": "school",
        "check_date": "2024-08-30",
        "isced:level": "3",
        "name": "Liceo Scientifico Galileo Ferraris"
      },
      "geometry": {
        "type": "Point",
        "coordinates": [
          7.6626272,
          45.0638491
        ]
      }
    },
    {
      "type": "Feature",
      "properties": {
        "building": "apartments",
        "building:levels": "6"
      },
      "geometry": {
        "type": "Point",
        "coordinates": [
          7.662508,
          45.0652596
        ]
      }
    },
    {
      "type": "Feature",
      "properties": {
        "building": "apartments",
        "building:levels": "6"
      },
      "geometry": {
        "type": "Point",
        "coordinates": [
          7.6628936,
          45.0651186
        ]
      }
    },
    {
      "type": "Feature",
      "properties": {
        "building": "apartments",
        "building:levels": "5"
      },
      "geometry": {
        "type": "Point",
        "coordinates": [
          7.6623292,
          45.0651558
        ]
      }
    },
    {
      "type": "Feature",
      "properties": {
        "building": "apartments",
        "building:levels": "7"
      },
      "geometry": {
        "type": "Point",
        "coordinates": [
          7.6622145,
          45.0650058
        ]
      }
    },
    {
      "type": "Feature",
      "properties": {
        "building": "apartments",
        "building:levels": "6"
      },
      "geometry": {
        "type": "Point",
        "coordinates": [
          7.6622291,
          45.0648211
        ]
      }
    },
    {
      "type": "Feature",
      "properties": {
        "building": "apartments",
        "building:levels": "6"
      },
      "geometry": {
        "type": "Point",
        "coordinates": [
          7.6626266,
          45.0646818
        ]
      }
    },
    {
      "type": "Feature",
      "properties": {
        "building": "apartments",
        "building:levels": "6"
      },
      "geometry": {
        "type": "Point",
        "coordinates": [
          7.6631476,
          45.0644651
        ]
      }
    },
    {
      "type": "Feature",
      "properties": {
        "building": "residential",
        "building:levels": "5"
      },
      "geometry": {
        "type": "Point",
        "coordinates": [
          7.6635202,
          45.0649078
        ]
      }
    },
    {
      "type": "Feature",
      "properties": {
        "building": "residential",
        "building:levels": "5"
      },
      "geometry": {
        "type": "Point",
        "coordinates": [
          7.6632289,
          45.0648318
        ]
      }
    },
    {
      "type": "Feature",
      "properties": {
        "building": "residential",
        "building:levels": "5"
      },
      "geometry": {
        "type": "Point",
        "coordinates": [
          7.6633503,
          45.064649
        ]
      }
    },
    {
      "type": "Feature",
      "properties": {
        "building": "residential",
        "building:levels": "6"
      },
      "geometry": {
        "type": "Point",
        "coordinates": [
          7.6630932,
          45.0646543
        ]
      }
    },
    {
      "type": "Feature",
      "properties": {
        "building": "residential",
        "building:levels": "7"
      },
      "geometry": {
        "type": "Point",
        "coordinates": [
          7.6628263,
          45.0647948
        ]
      }
    },
    {
      "type": "Feature",
      "properties": {
        "building": "residential",
        "building:levels": "7"
      },
      "geometry": {
        "type": "Point",
        "coordinates": [
          7.6629256,
          45.0649379
        ]
      }
    },
    {
      "type": "Feature",
      "properties": {
        "building": "residential",
        "building:levels": "5"
      },
      "geometry": {
        "type": "Point",
        "coordinates": [
          7.6636149,
          45.0627912
        ]
      }
    },
    {
      "type": "Feature",
      "properties": {
        "building": "university",
        "building:levels": "3"
      },
      "geometry": {
        "type": "Point",
        "coordinates": [
          7.6597438,
          45.0626471
        ]
      }
    },
    {
      "type": "Feature",
      "properties": {
        "bicycle": "no",
        "cycleway:both": "no",
        "embedded_rails": "tram",
        "foot": "no",
        "highway": "secondary",
        "lane_markings": "yes",
        "lanes": "4",
        "lanes:backward": "2",
        "lanes:forward": "2",
        "lanes:psv": "2",
        "lanes:psv:backward": "1",
        "lanes:psv:forward": "1",
        "lit": "yes",
        "maxspeed": "50",
        "name": "Corso Duca degli Abruzzi",
        "parking:both": "no",
        "parking:both:restriction": "no_stopping",
        "psv:lanes:backward": "yes|designated",
        "psv:lanes:forward": "yes|designated",
        "sidewalk": "no",
        "smoothness": "good",
        "source:maxspeed": "sign",
        "surface": "asphalt"
      },
      "geometry": {
        "type": "Point",
        "coordinates": [
          7.6629451,
          45.0626935
        ]
      }
    },
    {
      "type": "Feature",
      "properties": {
        "building": "yes",
        "building:levels": "5",
        "height": "15"
      },
      "geometry": {
        "type": "Point",
        "coordinates": [
          7.6559704,
          45.0677157
        ]
      }
    },
    {
      "type": "Feature",
      "properties": {
        "building": "yes",
        "building:levels": "4"
      },
      "geometry": {
        "type": "Point",
        "coordinates": [
          7.6598572,
          45.0678465
        ]
      }
    },
    {
      "type": "Feature",
      "properties": {
        "building": "yes",
        "building:levels": "4",
        "height": "8"
      },
      "geometry": {
        "type": "Point",
        "coordinates": [
          7.6606244,
          45.0675801
        ]
      }
    },
    {
      "type": "Feature",
      "properties": {
        "building": "yes",
        "building:levels": "4",
        "height": "8"
      },
      "geometry": {
        "type": "Point",
        "coordinates": [
          7.661244,
          45.0677265
        ]
      }
    },
    {
      "type": "Feature",
      "properties": {
        "addr:city": "Torino",
        "addr:housenumber": "38/16",
        "addr:postcode": "10138",
        "addr:street": "Via Paolo Borsellino",
        "building": "university",
        "building:levels": "4",
        "name": "Energy Center Politecnico di Torino",
        "website": "https://www.energycenter.polito.it"
      },
      "geometry": {
        "type": "Point",
        "coordinates": [
          7.6564211,
          45.0674822
        ]
      }
    },
    {
      "type": "Feature",
      "properties": {
        "building": "university",
        "building:levels": "5",
        "layer": "1"
      },
      "geometry": {
        "type": "Point",
        "coordinates": [
          7.6618936,
          45.0626258
        ]
      }
    },
    {
      "type": "Feature",
      "properties": {
        "building": "university",
        "building:levels": "4"
      },
      "geometry": {
        "type": "Point",
        "coordinates": [
          7.6616184,
          45.0621135
        ]
      }
    },
    {
      "type": "Feature",
      "properties": {
        "building": "university",
        "building:levels": "4"
      },
      "geometry": {
        "type": "Point",
        "coordinates": [
          7.662375,
          45.0630235
        ]
      }
    },
    {
      "type": "Feature",
      "properties": {
        "building": "university",
        "building:levels": "1"
      },
      "geometry": {
        "type": "Point",
        "coordinates": [
          7.6619561,
          45.0632076
        ]
      }
    },
    {
      "type": "Feature",
      "properties": {
        "building": "university",
        "building:levels": "1"
      },
      "geometry": {
        "type": "Point",
        "coordinates": [
          7.6611301,
          45.0622827
        ]
      }
    },
    {
      "type": "Feature",
      "properties": {
        "building": "university",
        "building:levels": "1"
      },
      "geometry": {
        "type": "Point",
        "coordinates": [
          7.661603,
          45.0630046
        ]
      }
    },
    {
      "type": "Feature",
      "properties": {
        "building": "university",
        "building:levels": "2"
      },
      "geometry": {
        "type": "Point",
        "coordinates": [
          7.6610916,
          45.0628869
        ]
      }
    },
    {
      "type": "Feature",
      "properties": {
        "building": "university",
        "building:levels": "4"
      },
      "geometry": {
        "type": "Point",
        "coordinates": [
          7.6607425,
          45.0632205
        ]
      }
    },
    {
      "type": "Feature",
      "properties": {
        "building": "university",
        "building:levels": "4"
      },
      "geometry": {
        "type": "Point",
        "coordinates": [
          7.6605934,
          45.0628751
        ]
      }
    },
    {
      "type": "Feature",
      "properties": {
        "building": "university",
        "building:levels": "5"
      },
      "geometry": {
        "type": "Point",
        "coordinates": [
          7.6602824,
          45.061545
        ]
      }
    },
    {
      "type": "Feature",
      "properties": {
        "building": "university",
        "building:levels": "4"
      },
      "geometry": {
        "type": "Point",
        "coordinates": [
          7.6616152,
          45.063434
        ]
      }
    },
    {
      "type": "Feature",
      "properties": {
        "building": "university",
        "building:levels": "1"
      },
      "geometry": {
        "type": "Point",
        "coordinates": [
          7.6605255,
          45.0618542
        ]
      }
    },
    {
      "type": "Feature",
      "properties": {
        "building": "university",
        "building:levels": "4"
      },
      "geometry": {
        "type": "Point",
        "coordinates": [
          7.6607052,
          45.0625495
        ]
      }
    },
    {
      "type": "Feature",
      "properties": {
        "building": "university",
        "building:levels": "4"
      },
      "geometry": {
        "type": "Point",
        "coordinates": [
          7.6605415,
          45.0623183
        ]
      }
    },
    {
      "type": "Feature",
      "properties": {
        "building": "university",
        "building:levels": "3"
      },
      "geometry": {
        "type": "Point",
        "coordinates": [
          7.6598626,
          45.0620643
        ]
      }
    },
    {
      "type": "Feature",
      "properties": {
        "building": "university",
        "building:levels": "3"
      },
      "geometry": {
        "type": "Point",
        "coordinates": [
          7.660294,
          45.0622518
        ]
      }
    },
    {
      "type": "Feature",
      "properties": {
        "building": "university",
        "building:levels": "3"
      },
      "geometry": {
        "type": "Point",
        "coordinates": [
          7.6604594,
          45.0624914
        ]
      }
    },
    {
      "type": "Feature",
      "properties": {
        "building": "university",
        "building:levels": "2"
      },
      "geometry": {
        "type": "Point",
        "coordinates": [
          7.6601905,
          45.0625702
        ]
      }
    },
    {
      "type": "Feature",
      "properties": {
        "building": "university",
        "building:levels": "1"
      },
      "geometry": {
        "type": "Point",
        "coordinates": [
          7.6606198,
          45.0627196
        ]
      }
    },
    {
      "type": "Feature",
      "properties": {
        "building": "university",
        "building:levels": "1"
      },
      "geometry": {
        "type": "Point",
        "coordinates": [
          7.6609098,
          45.0626763
        ]
      }
    },
    {
      "type": "Feature",
      "properties": {
        "building": "university",
        "building:levels": "2",
        "roof:shape": "flat"
      },
      "geometry": {
        "type": "Point",
        "coordinates": [
          7.6622674,
          45.0624865
        ]
      }
    },
    {
      "type": "Feature",
      "properties": {
        "building": "university",
        "building:levels": "2"
      },
      "geometry": {
        "type": "Point",
        "coordinates": [
          7.6605666,
          45.0634321
        ]
      }
    },
    {
      "type": "Feature",
      "properties": {
        "building": "university",
        "building:levels": "3"
      },
      "geometry": {
        "type": "Point",
        "coordinates": [
          7.6614528,
          45.0632643
        ]
      }
    },
    {
      "type": "Feature",
      "properties": {
        "building": "university",
        "building:levels": "4"
      },
      "geometry": {
        "type": "Point",
        "coordinates": [
          7.6609154,
          45.0634538
        ]
      }
    },
    {
      "type": "Feature",
      "properties": {
        "building": "university",
        "building:levels": "4"
      },
      "geometry": {
        "type": "Point",
        "coordinates": [
          7.6610825,
          45.0636858
        ]
      }
    },
    {
      "type": "Feature",
      "properties": {
        "building": "university",
        "building:levels": "2"
      },
      "geometry": {
        "type": "Point",
        "coordinates": [
          7.6609566,
          45.0635815
        ]
      }
    },
    {
      "type": "Feature",
      "properties": {
        "building": "university",
        "building:levels": "4"
      },
      "geometry": {
        "type": "Point",
        "coordinates": [
          7.6612626,
          45.0634734
        ]
      }
    },
    {
      "type": "Feature",
      "properties": {
        "building": "university",
        "building:levels": "4"
      },
      "geometry": {
        "type": "Point",
        "coordinates": [
          7.6612452,
          45.0639142
        ]
      }
    },
    {
      "type": "Feature",
      "properties": {
        "building": "university",
        "building:levels": "4"
      },
      "geometry": {
        "type": "Point",
        "coordinates": [
          7.66141,
          45.0641422
        ]
      }
    },
    {
      "type": "Feature",
      "properties": {
        "building": "university",
        "building:levels": "1"
      },
      "geometry": {
        "type": "Point",
        "coordinates": [
          7.661416,
          45.0635581
        ]
      }
    },
    {
      "type": "Feature",
      "properties": {
        "building": "university",
        "building:levels": "5"
      },
      "geometry": {
        "type": "Point",
        "coordinates": [
          7.6617831,
          45.0644834
        ]
      }
    },
    {
      "type": "Feature",
      "properties": {
        "building": "university",
        "building:levels": "5"
      },
      "geometry": {
        "type": "Point",
        "coordinates": [
          7.6618356,
          45.0642313
        ]
      }
    },
    {
      "type": "Feature",
      "properties": {
        "building": "university",
        "building:levels": "2"
      },
      "geometry": {
        "type": "Point",
        "coordinates": [
          7.6616152,
          45.0643224
        ]
      }
    },
    {
      "type": "Feature",
      "properties": {
        "building": "university",
        "building:levels": "4"
      },
      "geometry": {
        "type": "Point",
        "coordinates": [
          7.6608896,
          45.0640202
        ]
      }
    },
    {
      "type": "Feature",
      "properties": {
        "building": "university",
        "building:levels": "2"
      },
      "geometry": {
        "type": "Point",
        "coordinates": [
          7.6610643,
          45.0641257
        ]
      }
    },
    {
      "type": "Feature",
      "properties": {
        "building": "university",
        "building:levels": "2"
      },
      "geometry": {
        "type": "Point",
        "coordinates": [
          7.6608981,
          45.0638946
        ]
      }
    },
    {
      "type": "Feature",
      "properties": {
        "highway": "footway",
        "lit": "yes",
        "surface": "sett",
        "tunnel": "building_passage"
      },
      "geometry": {
        "type": "Point",
        "coordinates": [
          7.6611496,
          45.0643343
        ]
      }
    },
    {
      "type": "Feature",
      "properties": {
        "highway": "footway",
        "lit": "yes",
        "surface": "sett"
      },
      "geometry": {
        "type": "Point",
        "coordinates": [
          7.6614124,
          45.0642934
        ]
      }
    },
    {
      "type": "Feature",
      "properties": {
        "building": "commercial",
        "building:levels": "2"
      },
      "geometry": {
        "type": "Point",
        "coordinates": [
          7.6580765,
          45.0639734
        ]
      }
    },
    {
      "type": "Feature",
      "properties": {
        "building": "university",
        "building:levels": "2",
        "name": "Aule M"
      },
      "geometry": {
        "type": "Point",
        "coordinates": [
          7.6563667,
          45.0642656
        ]
      }
    },
    {
      "type": "Feature",
      "properties": {
        "building": "university",
        "building:levels": "2",
        "name": "Aule N"
      },
      "geometry": {
        "type": "Point",
        "coordinates": [
          7.6567403,
          45.064803
        ]
      }
    },
    {
      "type": "Feature",
      "properties": {
        "building": "university",
        "building:levels": "2"
      },
      "geometry": {
        "type": "Point",
        "coordinates": [
          7.6565714,
          45.0645865
        ]
      }
    },
    {
      "type": "Feature",
      "properties": {
        "building": "school",
        "building:levels": "1"
      },
      "geometry": {
        "type": "Point",
        "coordinates": [
          7.6630065,
          45.0641022
        ]
      }
    },
    {
      "type": "Feature",
      "properties": {
        "building": "school",
        "building:levels": "3"
      },
      "geometry": {
        "type": "Point",
        "coordinates": [
          7.6626314,
          45.0636879
        ]
      }
    },
    {
      "type": "Feature",
      "properties": {
        "highway": "footway",
        "lit": "yes",
        "surface": "paving_stones",
        "tunnel": "building_passage"
      },
      "geometry": {
        "type": "Point",
        "coordinates": [
          7.6591032,
          45.064393
        ]
      }
    },
    {
      "type": "Feature",
      "properties": {
        "highway": "footway",
        "lit": "yes",
        "surface": "paving_stones",
        "tunnel": "building_passage"
      },
      "geometry": {
        "type": "Point",
        "coordinates": [
          7.6593394,
          45.0642591
        ]
      }
    },
    {
      "type": "Feature",
      "properties": {
        "handrail": "yes",
        "highway": "steps",
        "incline": "up",
        "lit": "yes",
        "ramp": "no",
        "tunnel": "building_passage"
      },
      "geometry": {
        "type": "Point",
        "coordinates": [
          7.6592946,
          45.0642747
        ]
      }
    },
    {
      "type": "Feature",
      "properties": {
        "handrail": "yes",
        "highway": "steps",
        "incline": "down",
        "layer": "0",
        "lit": "yes",
        "ramp": "no",
        "tunnel": "building_passage"
      },
      "geometry": {
        "type": "Point",
        "coordinates": [
          7.6584941,
          45.063108
        ]
      }
    },
    {
      "type": "Feature",
      "properties": {
        "highway": "footway",
        "layer": "0",
        "lit": "yes",
        "surface": "asphalt",
        "tunnel": "building_passage"
      },
      "geometry": {
        "type": "Point",
        "coordinates": [
          7.6586282,
          45.0630603
        ]
      }
    },
    {
      "type": "Feature",
      "properties": {
        "highway": "footway",
        "layer": "0",
        "lit": "yes",
        "surface": "asphalt",
        "tunnel": "building_passage"
      },
      "geometry": {
        "type": "Point",
        "coordinates": [
          7.6585387,
          45.0630922
        ]
      }
    },
    {
      "type": "Feature",
      "properties": {
        "building": "yes",
        "building:levels": "1"
      },
      "geometry": {
        "type": "Point",
        "coordinates": [
          7.6569365,
          45.0626976
        ]
      }
    },
    {
      "type": "Feature",
      "properties": {
        "building": "yes",
        "building:levels": "1"
      },
      "geometry": {
        "type": "Point",
        "coordinates": [
          7.6570743,
          45.0628676
        ]
      }
    },
    {
      "type": "Feature",
      "properties": {
        "building": "university",
        "building:levels": "2",
        "name": "Aule P"
      },
      "geometry": {
        "type": "Point",
        "coordinates": [
          7.657716,
          45.062896
        ]
      }
    },
    {
      "type": "Feature",
      "properties": {
        "building": "office"
      },
      "geometry": {
        "type": "Point",
        "coordinates": [
          7.6582378,
          45.0671241
        ]
      }
    },
    {
      "type": "Feature",
      "properties": {
        "building": "school",
        "name": "Aula 7"
      },
      "geometry": {
        "type": "Point",
        "coordinates": [
          7.6608464,
          45.0626567
        ]
      }
    },
    {
      "type": "Feature",
      "properties": {
        "cycleway:left": "no",
        "cycleway:right": "shared_lane",
        "cycleway:right:lane": "pictogram",
        "highway": "residential",
        "lane_markings": "no",
        "lanes": "1",
        "lit": "yes",
        "maxspeed": "30",
        "name": "Corso Peschiera",
        "oneway": "yes",
        "parking:left": "street_side",
        "parking:left:orientation": "diagonal",
        "parking:right": "lane",
        "parking:right:orientation": "parallel",
        "sidewalk:left": "no",
        "sidewalk:right": "separate",
        "surface": "asphalt"
      },
      "geometry": {
        "type": "Point",
        "coordinates": [
          7.6546787,
          45.0628437
        ]
      }
    },
    {
      "type": "Feature",
      "properties": {
        "cycleway:both": "no",
        "foot": "yes",
        "highway": "secondary",
        "lanes": "2",
        "lit": "yes",
        "maxspeed": "50",
        "maxspeed:type": "sign",
        "name": "Corso Castelfidardo",
        "name:etymology:wikidata": "Q123833",
        "oneway": "yes",
        "parking:both": "no",
        "parking:both:restriction": "no_stopping",
        "shoulder": "no",
        "sidewalk": "no",
        "source": "TCI, Guida d'Italia, 1914",
        "surface": "asphalt"
      },
      "geometry": {
        "type": "Point",
        "coordinates": [
          7.6585383,
          45.062164
        ]
      }
    },
    {
      "type": "Feature",
      "properties": {
        "access": "private",
        "highway": "service",
        "service": "parking_aisle",
        "surface": "asphalt"
      },
      "geometry": {
        "type": "Point",
        "coordinates": [
          7.6574374,
          45.062542
        ]
      }
    },
    {
      "type": "Feature",
      "properties": {
        "highway": "service",
        "service": "parking_aisle"
      },
      "geometry": {
        "type": "Point",
        "coordinates": [
          7.6575307,
          45.0626714
        ]
      }
    },
    {
      "type": "Feature",
      "properties": {
        "building": "residential",
        "building:levels": "4",
        "name": "Residenza Universitaria Carlo Mollino",
        "residential": "university",
        "website": "https://www.camplusapartments.it/it/residenze/torino/residenza-universitaria-carlo-mollino"
      },
      "geometry": {
        "type": "Point",
        "coordinates": [
          7.6569847,
          45.0621146
        ]
      }
    },
    {
      "type": "Feature",
      "properties": {
        "highway": "service",
        "service": "parking_aisle",
        "surface": "asphalt"
      },
      "geometry": {
        "type": "Point",
        "coordinates": [
          7.6570311,
          45.0622719
        ]
      }
    },
    {
      "type": "Feature",
      "properties": {
        "highway": "service",
        "oneway": "yes",
        "service": "parking_aisle",
        "surface": "asphalt"
      },
      "geometry": {
        "type": "Point",
        "coordinates": [
          7.6578801,
          45.0623399
        ]
      }
    },
    {
      "type": "Feature",
      "properties": {
        "access": "private",
        "amenity": "parking",
        "parking": "surface"
      },
      "geometry": {
        "type": "Point",
        "coordinates": [
          7.6576142,
          45.0623423
        ]
      }
    },
    {
      "type": "Feature",
      "properties": {
        "access": "private",
        "amenity": "parking",
        "parking": "surface"
      },
      "geometry": {
        "type": "Point",
        "coordinates": [
          7.6570446,
          45.0622233
        ]
      }
    },
    {
      "type": "Feature",
      "properties": {
        "footway": "sidewalk",
        "highway": "footway",
        "lit": "yes",
        "surface": "asphalt",
        "wheelchair": "no"
      },
      "geometry": {
        "type": "Point",
        "coordinates": [
          7.6602819,
          45.0650332
        ]
      }
    },
    {
      "type": "Feature",
      "properties": {
        "footway": "sidewalk",
        "highway": "footway",
        "lit": "yes",
        "surface": "paving_stones",
        "wheelchair": "yes"
      },
      "geometry": {
        "type": "Point",
        "coordinates": [
          7.6597895,
          45.064424
        ]
      }
    },
    {
      "type": "Feature",
      "properties": {
        "covered": "yes",
        "footway": "sidewalk",
        "highway": "footway",
        "lit": "yes",
        "surface": "paving_stones",
        "tunnel": "building_passage",
        "wheelchair": "yes"
      },
      "geometry": {
        "type": "Point",
        "coordinates": [
          7.6595764,
          45.0642385
        ]
      }
    },
    {
      "type": "Feature",
      "properties": {
        "building": "residential"
      },
      "geometry": {
        "type": "Point",
        "coordinates": [
          7.6557299,
          45.0665421
        ]
      }
    },
    {
      "type": "Feature",
      "properties": {
        "addr:city": "Torino",
        "addr:housenumber": "22",
        "addr:postcode": "10129",
        "addr:street": "Corso Duca degli Abruzzi",
        "building": "yes",
        "email": "info@alterpolis.it",
        "internet_access": "wlan",
        "name": "Alter.POLIS",
        "office": "association",
        "opening_hours": "Mo-Fr 08:00-24:00",
        "website": "https://www.alterpolis.it",
        "wheelchair": "yes"
      },
      "geometry": {
        "type": "Point",
        "coordinates": [
          7.6623209,
          45.0628821
        ]
      }
    },
    {
      "type": "Feature",
      "properties": {
        "highway": "steps"
      },
      "geometry": {
        "type": "Point",
        "coordinates": [
          7.6561289,
          45.0647795
        ]
      }
    },
    {
      "type": "Feature",
      "properties": {
        "footway": "sidewalk",
        "highway": "footway",
        "surface": "asphalt"
      },
      "geometry": {
        "type": "Point",
        "coordinates": [
          7.6560227,
          45.0645079
        ]
      }
    },
    {
      "type": "Feature",
      "properties": {
        "crossing": "zebra",
        "footway": "crossing",
        "highway": "footway",
        "traffic_calming": "table"
      },
      "geometry": {
        "type": "Point",
        "coordinates": [
          7.6562743,
          45.0646917
        ]
      }
    },
    {
      "type": "Feature",
      "properties": {
        "highway": "residential",
        "lanes": "1",
        "lit": "yes",
        "name": "Via Pier Carlo Boggio",
        "oneway": "yes",
        "surface": "asphalt"
      },
      "geometry": {
        "type": "Point",
        "coordinates": [
          7.6568803,
          45.0655775
        ]
      }
    },
    {
      "type": "Feature",
      "properties": {
        "cycleway:both": "no",
        "highway": "residential",
        "lanes": "1",
        "lit": "yes",
        "name": "Via Pier Carlo Boggio",
        "oneway": "yes",
        "surface": "asphalt"
      },
      "geometry": {
        "type": "Point",
        "coordinates": [
          7.6559863,
          45.064396
        ]
      }
    },
    {
      "type": "Feature",
      "properties": {
        "highway": "residential",
        "lanes": "1",
        "oneway": "yes",
        "surface": "asphalt"
      },
      "geometry": {
        "type": "Point",
        "coordinates": [
          7.6568962,
          45.0656755
        ]
      }
    },
    {
      "type": "Feature",
      "properties": {
        "cycleway:both": "no",
        "highway": "residential",
        "lanes": "2",
        "lit": "yes",
        "name": "Via Pier Carlo Boggio",
        "oneway": "no",
        "sidewalk": "both",
        "surface": "asphalt"
      },
      "geometry": {
        "type": "Point",
        "coordinates": [
          7.6565575,
          45.0651329
        ]
      }
    },
    {
      "type": "Feature",
      "properties": {
        "crossing": "marked",
        "crossing:markings": "yes",
        "footway": "crossing",
        "highway": "footway",
        "surface": "asphalt"
      },
      "geometry": {
        "type": "Point",
        "coordinates": [
          7.6568356,
          45.0654604
        ]
      }
    },
    {
      "type": "Feature",
      "properties": {
        "footway": "sidewalk",
        "highway": "footway",
        "surface": "paving_stones"
      },
      "geometry": {
        "type": "Point",
        "coordinates": [
          7.6566298,
          45.0649478
        ]
      }
    },
    {
      "type": "Feature",
      "properties": {
        "crossing": "marked",
        "crossing:markings": "yes",
        "footway": "crossing",
        "highway": "footway",
        "surface": "asphalt"
      },
      "geometry": {
        "type": "Point",
        "coordinates": [
          7.6568322,
          45.0653012
        ]
      }
    },
    {
      "type": "Feature",
      "properties": {
        "crossing": "marked",
        "crossing:markings": "yes",
        "footway": "crossing",
        "highway": "footway",
        "lit": "yes",
        "smoothness": "intermediate",
        "surface": "asphalt"
      },
      "geometry": {
        "type": "Point",
        "coordinates": [
          7.6565289,
          45.0656235
        ]
      }
    },
    {
      "type": "Feature",
      "properties": {
        "footway": "sidewalk",
        "highway": "footway",
        "lit": "no",
        "smoothness": "intermediate",
        "surface": "asphalt"
      },
      "geometry": {
        "type": "Point",
        "coordinates": [
          7.6562689,
          45.0657135
        ]
      }
    },
    {
      "type": "Feature",
      "properties": {
        "crossing": "marked",
        "crossing:markings": "yes",
        "footway": "crossing",
        "highway": "footway",
        "lit": "yes",
        "surface": "asphalt"
      },
      "geometry": {
        "type": "Point",
        "coordinates": [
          7.6570741,
          45.0657824
        ]
      }
    },
    {
      "type": "Feature",
      "properties": {
        "crossing": "marked",
        "crossing:markings": "zebra",
        "footway": "crossing",
        "highway": "footway",
        "lit": "yes",
        "surface": "asphalt"
      },
      "geometry": {
        "type": "Point",
        "coordinates": [
          7.6569638,
          45.0658954
        ]
      }
    },
    {
      "type": "Feature",
      "properties": {
        "footway": "sidewalk",
        "highway": "footway",
        "lit": "no",
        "surface": "asphalt"
      },
      "geometry": {
        "type": "Point",
        "coordinates": [
          7.6569749,
          45.0658335
        ]
      }
    },
    {
      "type": "Feature",
      "properties": {
        "crossing": "zebra",
        "footway": "crossing",
        "highway": "footway"
      },
      "geometry": {
        "type": "Point",
        "coordinates": [
          7.6561657,
          45.0648318
        ]
      }
    },
    {
      "type": "Feature",
      "properties": {
        "footway": "sidewalk",
        "highway": "footway"
      },
      "geometry": {
        "type": "Point",
        "coordinates": [
          7.6559651,
          45.0648593
        ]
      }
    },
    {
      "type": "Feature",
      "properties": {
        "highway": "footway"
      },
      "geometry": {
        "type": "Point",
        "coordinates": [
          7.6558803,
          45.0644705
        ]
      }
    },
    {
      "type": "Feature",
      "properties": {
        "bicycle": "designated",
        "foot": "designated",
        "highway": "path",
        "segregated": "no"
      },
      "geometry": {
        "type": "Point",
        "coordinates": [
          7.6559506,
          45.0644748
        ]
      }
    },
    {
      "type": "Feature",
      "properties": {
        "bicycle": "yes",
        "highway": "pedestrian",
        "motor_vehicle": "private",
        "smoothness": "excellent",
        "surface": "asphalt"
      },
      "geometry": {
        "type": "Point",
        "coordinates": [
          7.6585159,
          45.0647757
        ]
      }
    },
    {
      "type": "Feature",
      "properties": {
        "access": "no",
        "check_date": "2023-05-04",
        "construction": "service",
        "highway": "construction",
        "oneway": "yes",
        "surface": "asphalt"
      },
      "geometry": {
        "type": "Point",
        "coordinates": [
          7.6569654,
          45.0652469
        ]
      }
    },
    {
      "type": "Feature",
      "properties": {
        "access": "no",
        "check_date": "2023-05-04",
        "construction": "footway",
        "highway": "construction"
      },
      "geometry": {
        "type": "Point",
        "coordinates": [
          7.6570645,
          45.0651147
        ]
      }
    },
    {
      "type": "Feature",
      "properties": {
        "highway": "footway",
        "lit": "yes",
        "surface": "asphalt"
      },
      "geometry": {
        "type": "Point",
        "coordinates": [
          7.6592486,
          45.0644285
        ]
      }
    },
    {
      "type": "Feature",
      "properties": {
        "cycleway:both": "no",
        "highway": "secondary",
        "lanes": "2",
        "lit": "yes",
        "maxheight": "default",
        "maxspeed": "50",
        "maxspeed:type": "sign",
        "name": "Corso Castelfidardo",
        "name:etymology:wikidata": "Q123833",
        "oneway": "yes",
        "sidewalk": "both",
        "sidewalk:both:surface": "paving_stones",
        "source": "TCI, Guida d'Italia, 1914",
        "surface": "asphalt",
        "tunnel": "building_passage"
      },
      "geometry": {
        "type": "Point",
        "coordinates": [
          7.6597497,
          45.064151
        ]
      }
    },
    {
      "type": "Feature",
      "properties": {
        "cycleway:both": "no",
        "foot": "no",
        "highway": "secondary",
        "lanes": "2",
        "lit": "yes",
        "maxspeed": "50",
        "maxspeed:type": "sign",
        "name": "Corso Castelfidardo",
        "name:etymology:wikidata": "Q123833",
        "oneway": "yes",
        "shoulder": "right",
        "sidewalk": "no",
        "source": "TCI, Guida d'Italia, 1914",
        "surface": "asphalt"
      },
      "geometry": {
        "type": "Point",
        "coordinates": [
          7.6593243,
          45.0635417
        ]
      }
    },
    {
      "type": "Feature",
      "properties": {
        "cycleway:both": "no",
        "highway": "secondary",
        "lanes": "2",
        "lit": "yes",
        "maxheight": "default",
        "maxspeed": "50",
        "maxspeed:type": "sign",
        "name": "Corso Castelfidardo",
        "name:etymology:wikidata": "Q123833",
        "oneway": "yes",
        "sidewalk": "both",
        "source": "TCI, Guida d'Italia, 1914",
        "surface": "asphalt",
        "tunnel": "building_passage"
      },
      "geometry": {
        "type": "Point",
        "coordinates": [
          7.6599052,
          45.064095
        ]
      }
    },
    {
      "type": "Feature",
      "properties": {
        "cycleway:both": "no",
        "highway": "secondary",
        "lanes": "2",
        "lit": "yes",
        "maxspeed": "50",
        "maxspeed:type": "sign",
        "name": "Corso Castelfidardo",
        "name:etymology:wikidata": "Q123833",
        "oneway": "yes",
        "sidewalk": "right",
        "source": "TCI, Guida d'Italia, 1914",
        "surface": "asphalt"
      },
      "geometry": {
        "type": "Point",
        "coordinates": [
          7.6605556,
          45.0649971
        ]
      }
    },
    {
      "type": "Feature",
      "properties": {
        "cycleway:both": "no",
        "foot": "no",
        "highway": "secondary",
        "lanes": "2",
        "lit": "yes",
        "maxspeed": "50",
        "maxspeed:type": "sign",
        "name": "Corso Castelfidardo",
        "name:etymology:wikidata": "Q123833",
        "oneway": "yes",
        "shoulder": "no",
        "sidewalk": "no",
        "source": "TCI, Guida d'Italia, 1914",
        "surface": "asphalt"
      },
      "geometry": {
        "type": "Point",
        "coordinates": [
          7.6594732,
          45.0634887
        ]
      }
    },
    {
      "type": "Feature",
      "properties": {
        "cycleway:both": "no",
        "highway": "secondary",
        "lanes": "2",
        "lit": "yes",
        "maxheight": "default",
        "maxspeed": "50",
        "maxspeed:type": "sign",
        "name": "Corso Castelfidardo",
        "name:etymology:wikidata": "Q123833",
        "oneway": "yes",
        "shoulder": "no",
        "sidewalk": "right",
        "sidewalk:right:surface": "asphalt",
        "source": "TCI, Guida d'Italia, 1914",
        "surface": "asphalt",
        "tunnel": "building_passage"
      },
      "geometry": {
        "type": "Point",
        "coordinates": [
          7.6590405,
          45.0628798
        ]
      }
    },
    {
      "type": "Feature",
      "properties": {
        "cycleway:both": "no",
        "foot": "yes",
        "highway": "secondary",
        "lanes": "2",
        "lit": "yes",
        "maxspeed": "50",
        "maxspeed:type": "sign",
        "name": "Corso Castelfidardo",
        "name:etymology:wikidata": "Q123833",
        "oneway": "yes",
        "parking:both": "no",
        "shoulder": "no",
        "sidewalk": "no",
        "source": "TCI, Guida d'Italia, 1914",
        "surface": "asphalt"
      },
      "geometry": {
        "type": "Point",
        "coordinates": [
          7.6585124,
          45.0623813
        ]
      }
    },
    {
      "type": "Feature",
      "properties": {
        "cycleway:both": "no",
        "highway": "secondary",
        "lanes": "2",
        "lit": "yes",
        "maxheight": "default",
        "maxspeed": "50",
        "maxspeed:type": "sign",
        "name": "Corso Castelfidardo",
        "name:etymology:wikidata": "Q123833",
        "oneway": "yes",
        "shoulder": "no",
        "sidewalk": "right",
        "sidewalk:right:surface": "asphalt",
        "source": "TCI, Guida d'Italia, 1914",
        "surface": "asphalt",
        "tunnel": "building_passage"
      },
      "geometry": {
        "type": "Point",
        "coordinates": [
          7.658898,
          45.0629289
        ]
      }
    },
    {
      "type": "Feature",
      "properties": {
        "cycleway:both": "no",
        "highway": "residential",
        "lit": "yes",
        "maxspeed": "30",
        "maxspeed:type": "sign",
        "name": "Corso Castelfidardo",
        "name:etymology:wikidata": "Q123833",
        "oneway": "yes",
        "sidewalk": "no",
        "source": "TCI, Guida d'Italia, 1914",
        "surface": "cobblestone"
      },
      "geometry": {
        "type": "Point",
        "coordinates": [
          7.6609127,
          45.0649187
        ]
      }
    },
    {
      "type": "Feature",
      "properties": {
        "cycleway:both": "no",
        "highway": "residential",
        "lit": "yes",
        "maxheight": "default",
        "maxspeed": "30",
        "maxspeed:type": "sign",
        "name": "Corso Castelfidardo",
        "name:etymology:wikidata": "Q123833",
        "oneway": "yes",
        "source": "TCI, Guida d'Italia, 1914",
        "surface": "unhewn_cobblestone",
        "tunnel": "building_passage"
      },
      "geometry": {
        "type": "Point",
        "coordinates": [
          7.6602549,
          45.0639705
        ]
      }
    },
    {
      "type": "Feature",
      "properties": {
        "cycleway:both": "no",
        "highway": "residential",
        "lanes": "1",
        "lit": "yes",
        "maxspeed": "30",
        "maxspeed:type": "sign",
        "name": "Corso Castelfidardo",
        "name:etymology:wikidata": "Q123833",
        "oneway": "yes",
        "sidewalk": "right",
        "source": "TCI, Guida d'Italia, 1914",
        "surface": "unhewn_cobblestone"
      },
      "geometry": {
        "type": "Point",
        "coordinates": [
          7.6591049,
          45.0636183
        ]
      }
    },
    {
      "type": "Feature",
      "properties": {
        "cycleway:both": "no",
        "highway": "residential",
        "lane_markings": "no",
        "lit": "yes",
        "maxheight": "default",
        "maxspeed": "30",
        "maxspeed:type": "sign",
        "name": "Corso Castelfidardo",
        "name:etymology:wikidata": "Q123833",
        "oneway": "yes",
        "sidewalk": "right",
        "source": "TCI, Guida d'Italia, 1914",
        "surface": "concrete",
        "tunnel": "building_passage"
      },
      "geometry": {
        "type": "Point",
        "coordinates": [
          7.6595346,
          45.0642277
        ]
      }
    },
    {
      "type": "Feature",
      "properties": {
        "highway": "footway",
        "lit": "yes",
        "mapillary": "2802603976717489",
        "smoothness": "good",
        "surface": "paving_stones",
        "survey:date": "2021-01-27"
      },
      "geometry": {
        "type": "Point",
        "coordinates": [
          7.6604284,
          45.0640043
        ]
      }
    },
    {
      "type": "Feature",
      "properties": {
        "highway": "footway",
        "layer": "0",
        "lit": "yes",
        "surface": "concrete",
        "tunnel": "building_passage"
      },
      "geometry": {
        "type": "Point",
        "coordinates": [
          7.6586307,
          45.0630218
        ]
      }
    },
    {
      "type": "Feature",
      "properties": {
        "highway": "footway",
        "lit": "yes",
        "surface": "concrete"
      },
      "geometry": {
        "type": "Point",
        "coordinates": [
          7.6581602,
          45.0623306
        ]
      }
    },
    {
      "type": "Feature",
      "properties": {
        "highway": "footway",
        "layer": "0",
        "lit": "yes",
        "surface": "asphalt",
        "tunnel": "building_passage"
      },
      "geometry": {
        "type": "Point",
        "coordinates": [
          7.6585586,
          45.0630205
        ]
      }
    },
    {
      "type": "Feature",
      "properties": {
        "cycleway:both": "no",
        "highway": "residential",
        "lit": "yes",
        "maxheight": "default",
        "maxspeed": "30",
        "maxspeed:type": "sign",
        "name": "Corso Castelfidardo",
        "name:etymology:wikidata": "Q123833",
        "oneway": "yes",
        "sidewalk": "both",
        "source": "TCI, Guida d'Italia, 1914",
        "surface": "paving_stones",
        "tunnel": "building_passage"
      },
      "geometry": {
        "type": "Point",
        "coordinates": [
          7.6586741,
          45.0630065
        ]
      }
    },
    {
      "type": "Feature",
      "properties": {
        "cycleway:both": "no",
        "highway": "residential",
        "lanes": "1",
        "lit": "yes",
        "maxspeed": "30",
        "maxspeed:type": "sign",
        "name": "Corso Castelfidardo",
        "name:etymology:wikidata": "Q123833",
        "oneway": "yes",
        "sidewalk": "right",
        "source": "TCI, Guida d'Italia, 1914",
        "surface": "asphalt"
      },
      "geometry": {
        "type": "Point",
        "coordinates": [
          7.6585554,
          45.0628354
        ]
      }
    },
    {
      "type": "Feature",
      "properties": {
        "cycleway:both": "no",
        "highway": "residential",
        "lit": "yes",
        "maxspeed": "30",
        "maxspeed:type": "sign",
        "name": "Corso Castelfidardo",
        "name:etymology:wikidata": "Q123833",
        "oneway": "yes",
        "sidewalk:left": "no",
        "sidewalk:right": "separate",
        "source": "TCI, Guida d'Italia, 1914",
        "surface": "unhewn_cobblestone"
      },
      "geometry": {
        "type": "Point",
        "coordinates": [
          7.6598252,
          45.0633652
        ]
      }
    },
    {
      "type": "Feature",
      "properties": {
        "cycleway:both": "no",
        "highway": "residential",
        "lane_markings": "no",
        "lit": "yes",
        "maxheight": "default",
        "maxspeed": "30",
        "maxspeed:type": "sign",
        "name": "Corso Castelfidardo",
        "name:etymology:wikidata": "Q123833",
        "oneway": "yes",
        "sidewalk": "no",
        "source": "TCI, Guida d'Italia, 1914",
        "surface": "paving_stones",
        "tunnel": "building_passage"
      },
      "geometry": {
        "type": "Point",
        "coordinates": [
          7.659398,
          45.0627563
        ]
      }
    },
    {
      "type": "Feature",
      "properties": {
        "bicycle": "designated",
        "foot": "designated",
        "highway": "cycleway",
        "layer": "0",
        "lit": "yes",
        "oneway": "no",
        "segregated": "yes",
        "surface": "paving_stones",
        "tunnel": "building_passage"
      },
      "geometry": {
        "type": "Point",
        "coordinates": [
          7.6594963,
          45.062722
        ]
      }
    },
    {
      "type": "Feature",
      "properties": {
        "bicycle": "designated",
        "foot": "designated",
        "highway": "cycleway",
        "lit": "yes",
        "oneway": "no",
        "segregated": "yes",
        "surface": "paving_stones",
        "tunnel": "building_passage"
      },
      "geometry": {
        "type": "Point",
        "coordinates": [
          7.6603413,
          45.0639398
        ]
      }
    },
    {
      "type": "Feature",
      "properties": {
        "bicycle": "designated",
        "foot": "designated",
        "highway": "cycleway",
        "lit": "yes",
        "oneway": "no",
        "segregated": "yes",
        "surface": "paving_stones"
      },
      "geometry": {
        "type": "Point",
        "coordinates": [
          7.65992,
          45.063332
        ]
      }
    },
    {
      "type": "Feature",
      "properties": {
        "highway": "footway",
        "lit": "yes",
        "surface": "paving_stones"
      },
      "geometry": {
        "type": "Point",
        "coordinates": [
          7.6585258,
          45.0638232
        ]
      }
    },
    {
      "type": "Feature",
      "properties": {
        "highway": "footway"
      },
      "geometry": {
        "type": "Point",
        "coordinates": [
          7.656474,
          45.0672664
        ]
      }
    },
    {
      "type": "Feature",
      "properties": {
        "highway": "footway"
      },
      "geometry": {
        "type": "Point",
        "coordinates": [
          7.6564292,
          45.0672016
        ]
      }
    },
    {
      "type": "Feature",
      "properties": {
        "highway": "footway"
      },
      "geometry": {
        "type": "Point",
        "coordinates": [
          7.6566041,
          45.0673665
        ]
      }
    },
    {
      "type": "Feature",
      "properties": {
        "highway": "footway",
        "surface": "asphalt"
      },
      "geometry": {
        "type": "Point",
        "coordinates": [
          7.656198,
          45.0671464
        ]
      }
    },
    {
      "type": "Feature",
      "properties": {
        "highway": "footway",
        "lit": "yes",
        "surface": "paving_stones"
      },
      "geometry": {
        "type": "Point",
        "coordinates": [
          7.6595513,
          45.0647787
        ]
      }
    },
    {
      "type": "Feature",
      "properties": {
        "covered": "yes",
        "highway": "footway",
        "lit": "yes",
        "surface": "paving_stones"
      },
      "geometry": {
        "type": "Point",
        "coordinates": [
          7.6591707,
          45.0647647
        ]
      }
    },
    {
      "type": "Feature",
      "properties": {
        "highway": "footway",
        "layer": "-1",
        "lit": "yes",
        "paving_stones:material": "marble",
        "smoothness": "excellent",
        "surface": "paving_stones",
        "tunnel": "yes"
      },
      "geometry": {
        "type": "Point",
        "coordinates": [
          7.6622685,
          45.0624889
        ]
      }
    },
    {
      "type": "Feature",
      "properties": {
        "highway": "footway",
        "layer": "-1",
        "lit": "yes",
        "paving_stones:material": "marble",
        "smoothness": "excellent",
        "surface": "paving_stones",
        "tunnel": "yes"
      },
      "geometry": {
        "type": "Point",
        "coordinates": [
          7.6618863,
          45.0626162
        ]
      }
    },
    {
      "type": "Feature",
      "properties": {
        "area": "yes",
        "highway": "pedestrian",
        "lit": "no",
        "smoothness": "bad",
        "surface": "sett"
      },
      "geometry": {
        "type": "Point",
        "coordinates": [
          7.6620662,
          45.0625534
        ]
      }
    },
    {
      "type": "Feature",
      "properties": {
        "footway": "sidewalk",
        "highway": "footway",
        "lit": "yes",
        "smoothness": "intermediate",
        "surface": "asphalt"
      },
      "geometry": {
        "type": "Point",
        "coordinates": [
          7.6622414,
          45.0622335
        ]
      }
    },
    {
      "type": "Feature",
      "properties": {
        "footway": "sidewalk",
        "highway": "footway",
        "lit": "no",
        "surface": "asphalt"
      },
      "geometry": {
        "type": "Point",
        "coordinates": [
          7.6623749,
          45.0624526
        ]
      }
    },
    {
      "type": "Feature",
      "properties": {
        "crossing": "marked",
        "crossing:markings": "yes",
        "footway": "crossing",
        "highway": "footway",
        "lit": "no",
        "surface": "asphalt"
      },
      "geometry": {
        "type": "Point",
        "coordinates": [
          7.6625644,
          45.062628
        ]
      }
    },
    {
      "type": "Feature",
      "properties": {
        "area": "yes",
        "highway": "pedestrian",
        "lit": "yes",
        "surface": "sett"
      },
      "geometry": {
        "type": "Point",
        "coordinates": [
          7.6615426,
          45.0627437
        ]
      }
    },
    {
      "type": "Feature",
      "properties": {
        "highway": "footway",
        "layer": "-1",
        "lit": "yes",
        "paving_stones:material": "marble",
        "surface": "paving_stones",
        "tunnel": "yes"
      },
      "geometry": {
        "type": "Point",
        "coordinates": [
          7.6619047,
          45.0626236
        ]
      }
    },
    {
      "type": "Feature",
      "properties": {
        "highway": "footway",
        "lit": "yes",
        "surface": "paving_stones"
      },
      "geometry": {
        "type": "Point",
        "coordinates": [
          7.659828,
          45.06334
        ]
      }
    },
    {
      "type": "Feature",
      "properties": {
        "highway": "footway",
        "lit": "yes",
        "surface": "compacted"
      },
      "geometry": {
        "type": "Point",
        "coordinates": [
          7.6623737,
          45.0645521
        ]
      }
    },
    {
      "type": "Feature",
      "properties": {
        "highway": "footway",
        "lit": "yes",
        "surface": "concrete"
      },
      "geometry": {
        "type": "Point",
        "coordinates": [
          7.6590564,
          45.0636351
        ]
      }
    },
    {
      "type": "Feature",
      "properties": {
        "highway": "footway",
        "lit": "yes",
        "surface": "asphalt",
        "tunnel": "building_passage"
      },
      "geometry": {
        "type": "Point",
        "coordinates": [
          7.6594809,
          45.0642464
        ]
      }
    },
    {
      "type": "Feature",
      "properties": {
        "cycleway:both": "no",
        "highway": "residential",
        "lanes": "1",
        "lit": "yes",
        "maxspeed": "30",
        "maxspeed:type": "sign",
        "name": "Corso Castelfidardo",
        "name:etymology:wikidata": "Q123833",
        "oneway": "yes",
        "source": "TCI, Guida d'Italia, 1914",
        "surface": "unhewn_cobblestone"
      },
      "geometry": {
        "type": "Point",
        "coordinates": [
          7.6588504,
          45.0621098
        ]
      }
    },
    {
      "type": "Feature",
      "properties": {
        "cycleway:both": "no",
        "highway": "residential",
        "lanes": "1",
        "lit": "yes",
        "maxspeed": "30",
        "maxspeed:type": "sign",
        "name": "Corso Duca degli Abruzzi",
        "oneway": "yes",
        "parking:left": "lane",
        "parking:left:fee": "yes",
        "parking:left:orientation": "diagonal",
        "parking:right": "lane",
        "parking:right:fee": "yes",
        "parking:right:orientation": "parallel",
        "sidewalk": "both",
        "surface": "asphalt"
      },
      "geometry": {
        "type": "Point",
        "coordinates": [
          7.6632281,
          45.0626721
        ]
      }
    },
    {
      "type": "Feature",
      "properties": {
        "highway": "residential",
        "lanes": "1",
        "lit": "yes",
        "maxspeed": "50",
        "name": "Via Paolo Borsellino",
        "name:etymology:wikidata": "Q312302",
        "oneway": "yes",
        "surface": "asphalt"
      },
      "geometry": {
        "type": "Point",
        "coordinates": [
          7.6572702,
          45.066683
        ]
      }
    },
    {
      "type": "Feature",
      "properties": {
        "highway": "service",
        "surface": "asphalt"
      },
      "geometry": {
        "type": "Point",
        "coordinates": [
          7.657129,
          45.0631875
        ]
      }
    },
    {
      "type": "Feature",
      "properties": {
        "access": "private",
        "highway": "service"
      },
      "geometry": {
        "type": "Point",
        "coordinates": [
          7.6604532,
          45.0677288
        ]
      }
    },
    {
      "type": "Feature",
      "properties": {
        "highway": "residential",
        "name": "Corso Castelfidardo",
        "name:etymology:wikidata": "Q123833",
        "oneway": "yes",
        "surface": "cobblestone"
      },
      "geometry": {
        "type": "Point",
        "coordinates": [
          7.6610199,
          45.0650334
        ]
      }
    },
    {
      "type": "Feature",
      "properties": {
        "highway": "service",
        "service": "emergency_access",
        "surface": "asphalt"
      },
      "geometry": {
        "type": "Point",
        "coordinates": [
          7.6603142,
          45.065479
        ]
      }
    },
    {
      "type": "Feature",
      "properties": {
        "highway": "tertiary",
        "lanes": "1",
        "lit": "yes",
        "name": "Via Pier Carlo Boggio",
        "oneway": "yes",
        "sidewalk": "right",
        "surface": "asphalt"
      },
      "geometry": {
        "type": "Point",
        "coordinates": [
          7.656982,
          45.0657035
        ]
      }
    },
    {
      "type": "Feature",
      "properties": {
        "building": "university",
        "building:levels": "2",
        "name": "Aule R",
        "operator": "Politecnico di Torino",
        "source": "https://poliflash.polito.it/in_ateneo/inaugurate_le_nuove_aule_r",
        "start_date": "2021-06-08"
      },
      "geometry": {
        "type": "Point",
        "coordinates": [
          7.6576473,
          45.0661069
        ]
      }
    },
    {
      "type": "Feature",
      "properties": {
        "highway": "footway",
        "surface": "concrete"
      },
      "geometry": {
        "type": "Point",
        "coordinates": [
          7.6609042,
          45.0661814
        ]
      }
    },
    {
      "type": "Feature",
      "properties": {
        "access": "private",
        "area": "yes",
        "foot": "yes",
        "highway": "pedestrian",
        "motor_vehicle": "permit"
      },
      "geometry": {
        "type": "Point",
        "coordinates": [
          7.6591035,
          45.0668122
        ]
      }
    },
    {
      "type": "Feature",
      "properties": {
        "access": "private",
        "highway": "service",
        "service": "driveway",
        "surface": "asphalt"
      },
      "geometry": {
        "type": "Point",
        "coordinates": [
          7.6584303,
          45.0672147
        ]
      }
    },
    {
      "type": "Feature",
      "properties": {
        "access": "private",
        "amenity": "parking",
        "parking": "surface"
      },
      "geometry": {
        "type": "Point",
        "coordinates": [
          7.6584601,
          45.0671579
        ]
      }
    },
    {
      "type": "Feature",
      "properties": {
        "building": "service"
      },
      "geometry": {
        "type": "Point",
        "coordinates": [
          7.6589183,
          45.0676655
        ]
      }
    },
    {
      "type": "Feature",
      "properties": {
        "building": "service"
      },
      "geometry": {
        "type": "Point",
        "coordinates": [
          7.6602708,
          45.0671829
        ]
      }
    },
    {
      "type": "Feature",
      "properties": {
        "access": "private",
        "highway": "service"
      },
      "geometry": {
        "type": "Point",
        "coordinates": [
          7.6613203,
          45.0668467
        ]
      }
    },
    {
      "type": "Feature",
      "properties": {
        "footway": "sidewalk",
        "highway": "footway",
        "lit": "yes",
        "smoothness": "good",
        "surface": "paving_stones"
      },
      "geometry": {
        "type": "Point",
        "coordinates": [
          7.6618212,
          45.0675651
        ]
      }
    },
    {
      "type": "Feature",
      "properties": {
        "access": "private",
        "highway": "service",
        "service": "parking_aisle",
        "surface": "asphalt"
      },
      "geometry": {
        "type": "Point",
        "coordinates": [
          7.6563788,
          45.063555
        ]
      }
    },
    {
      "type": "Feature",
      "properties": {
        "access": "private",
        "amenity": "parking",
        "covered": "no",
        "surface": "asphalt"
      },
      "geometry": {
        "type": "Point",
        "coordinates": [
          7.6566543,
          45.0635468
        ]
      }
    },
    {
      "type": "Feature",
      "properties": {
        "handrail": "yes",
        "highway": "steps"
      },
      "geometry": {
        "type": "Point",
        "coordinates": [
          7.6569216,
          45.0651207
        ]
      }
    },
    {
      "type": "Feature",
      "properties": {
        "highway": "footway",
        "lit": "yes",
        "smoothness": "good",
        "surface": "asphalt"
      },
      "geometry": {
        "type": "Point",
        "coordinates": [
          7.6569283,
          45.0653676
        ]
      }
    },
    {
      "type": "Feature",
      "properties": {
        "access": "destination",
        "highway": "footway",
        "lit": "yes",
        "surface": "asphalt"
      },
      "geometry": {
        "type": "Point",
        "coordinates": [
          7.6571145,
          45.0652365
        ]
      }
    },
    {
      "type": "Feature",
      "properties": {
        "highway": "footway",
        "lit": "yes",
        "surface": "paving_stones"
      },
      "geometry": {
        "type": "Point",
        "coordinates": [
          7.6590122,
          45.0645107
        ]
      }
    },
    {
      "type": "Feature",
      "properties": {
        "highway": "service",
        "surface": "asphalt"
      },
      "geometry": {
        "type": "Point",
        "coordinates": [
          7.6575365,
          45.0632564
        ]
      }
    },
    {
      "type": "Feature",
      "properties": {
        "highway": "service"
      },
      "geometry": {
        "type": "Point",
        "coordinates": [
          7.6579167,
          45.064035
        ]
      }
    },
    {
      "type": "Feature",
      "properties": {
        "crossing": "zebra",
        "footway": "crossing",
        "highway": "footway",
        "surface": "sett"
      },
      "geometry": {
        "type": "Point",
        "coordinates": [
          7.6559078,
          45.0642199
        ]
      }
    },
    {
      "type": "Feature",
      "properties": {
        "access": "private",
        "highway": "service"
      },
      "geometry": {
        "type": "Point",
        "coordinates": [
          7.6579644,
          45.0660328
        ]
      }
    },
    {
      "type": "Feature",
      "properties": {
        "bridge": "yes",
        "highway": "footway",
        "layer": "1",
        "lit": "no",
        "surface": "metal"
      },
      "geometry": {
        "type": "Point",
        "coordinates": [
          7.6576793,
          45.0656909
        ]
      }
    },
    {
      "type": "Feature",
      "properties": {
        "highway": "footway",
        "lit": "no",
        "surface": "metal"
      },
      "geometry": {
        "type": "Point",
        "coordinates": [
          7.6576305,
          45.0657039
        ]
      }
    },
    {
      "type": "Feature",
      "properties": {
        "highway": "footway",
        "lit": "no",
        "surface": "metal"
      },
      "geometry": {
        "type": "Point",
        "coordinates": [
          7.657721,
          45.0656765
        ]
      }
    },
    {
      "type": "Feature",
      "properties": {
        "access": "private",
        "highway": "service",
        "surface": "asphalt"
      },
      "geometry": {
        "type": "Point",
        "coordinates": [
          7.6573959,
          45.0651789
        ]
      }
    },
    {
      "type": "Feature",
      "properties": {
        "bridge": "yes",
        "highway": "footway",
        "layer": "1",
        "lit": "no",
        "surface": "metal"
      },
      "geometry": {
        "type": "Point",
        "coordinates": [
          7.6577594,
          45.0658087
        ]
      }
    },
    {
      "type": "Feature",
      "properties": {
        "highway": "footway",
        "lit": "no",
        "surface": "metal"
      },
      "geometry": {
        "type": "Point",
        "coordinates": [
          7.6577212,
          45.0658229
        ]
      }
    },
    {
      "type": "Feature",
      "properties": {
        "highway": "footway",
        "lit": "no",
        "surface": "metal"
      },
      "geometry": {
        "type": "Point",
        "coordinates": [
          7.657799,
          45.0657941
        ]
      }
    },
    {
      "type": "Feature",
      "properties": {
        "highway": "steps"
      },
      "geometry": {
        "type": "Point",
        "coordinates": [
          7.6577662,
          45.0664946
        ]
      }
    },
    {
      "type": "Feature",
      "properties": {
        "handrail": "no",
        "highway": "steps",
        "incline": "down"
      },
      "geometry": {
        "type": "Point",
        "coordinates": [
          7.6580429,
          45.0663948
        ]
      }
    },
    {
      "type": "Feature",
      "properties": {
        "highway": "footway",
        "surface": "asphalt"
      },
      "geometry": {
        "type": "Point",
        "coordinates": [
          7.6572731,
          45.0658515
        ]
      }
    },
    {
      "type": "Feature",
      "properties": {
        "highway": "footway",
        "smoothness": "excellent",
        "surface": "paving_stones"
      },
      "geometry": {
        "type": "Point",
        "coordinates": [
          7.6577148,
          45.0658751
        ]
      }
    },
    {
      "type": "Feature",
      "properties": {
        "access": "private",
        "highway": "service",
        "surface": "asphalt"
      },
      "geometry": {
        "type": "Point",
        "coordinates": [
          7.6581331,
          45.0662485
        ]
      }
    },
    {
      "type": "Feature",
      "properties": {
        "handrail": "no",
        "highway": "steps",
        "incline": "down"
      },
      "geometry": {
        "type": "Point",
        "coordinates": [
          7.6579939,
          45.0662446
        ]
      }
    },
    {
      "type": "Feature",
      "properties": {
        "highway": "footway"
      },
      "geometry": {
        "type": "Point",
        "coordinates": [
          7.6580541,
          45.0662232
        ]
      }
    },
    {
      "type": "Feature",
      "properties": {
        "highway": "footway"
      },
      "geometry": {
        "type": "Point",
        "coordinates": [
          7.6579703,
          45.0662535
        ]
      }
    },
    {
      "type": "Feature",
      "properties": {
        "highway": "footway",
        "lit": "no",
        "smoothness": "excellent",
        "surface": "paving_stones"
      },
      "geometry": {
        "type": "Point",
        "coordinates": [
          7.6578446,
          45.0660486
        ]
      }
    },
    {
      "type": "Feature",
      "properties": {
        "handrail": "yes",
        "highway": "steps",
        "incline": "up",
        "ramp": "no",
        "surface": "paving_stones",
        "tactile_paving": "no"
      },
      "geometry": {
        "type": "Point",
        "coordinates": [
          7.6576913,
          45.0660889
        ]
      }
    },
    {
      "type": "Feature",
      "properties": {
        "construction": "footway",
        "highway": "footway"
      },
      "geometry": {
        "type": "Point",
        "coordinates": [
          7.6569144,
          45.0651686
        ]
      }
    },
    {
      "type": "Feature",
      "properties": {
        "crossing": "marked",
        "crossing:markings": "yes",
        "footway": "crossing",
        "highway": "footway",
        "lit": "yes",
        "surface": "asphalt"
      },
      "geometry": {
        "type": "Point",
        "coordinates": [
          7.6635783,
          45.0640978
        ]
      }
    },
    {
      "type": "Feature",
      "properties": {
        "building": "university"
      },
      "geometry": {
        "type": "Point",
        "coordinates": [
          7.6624639,
          45.0629836
        ]
      }
    },
    {
      "type": "Feature",
      "properties": {
        "highway": "footway",
        "surface": "concrete"
      },
      "geometry": {
        "type": "Point",
        "coordinates": [
          7.6624262,
          45.0629304
        ]
      }
    },
    {
      "type": "Feature",
      "properties": {
        "highway": "footway",
        "surface": "concrete"
      },
      "geometry": {
        "type": "Point",
        "coordinates": [
          7.6624451,
          45.0628971
        ]
      }
    },
    {
      "type": "Feature",
      "properties": {
        "access": "private",
        "highway": "service",
        "oneway": "yes",
        "surface": "asphalt"
      },
      "geometry": {
        "type": "Point",
        "coordinates": [
          7.6584378,
          45.0627938
        ]
      }
    },
    {
      "type": "Feature",
      "properties": {
        "highway": "footway",
        "surface": "asphalt"
      },
      "geometry": {
        "type": "Point",
        "coordinates": [
          7.6578503,
          45.0627897
        ]
      }
    },
    {
      "type": "Feature",
      "properties": {
        "handrail": "yes",
        "highway": "steps",
        "incline": "up",
        "surface": "paving_stones"
      },
      "geometry": {
        "type": "Point",
        "coordinates": [
          7.6580622,
          45.0627914
        ]
      }
    },
    {
      "type": "Feature",
      "properties": {
        "covered": "yes",
        "highway": "footway",
        "surface": "asphalt"
      },
      "geometry": {
        "type": "Point",
        "coordinates": [
          7.6577145,
          45.0628967
        ]
      }
    },
    {
      "type": "Feature",
      "properties": {
        "covered": "yes",
        "highway": "footway",
        "surface": "asphalt"
      },
      "geometry": {
        "type": "Point",
        "coordinates": [
          7.6580105,
          45.0628083
        ]
      }
    },
    {
      "type": "Feature",
      "properties": {
        "covered": "yes",
        "highway": "footway"
      },
      "geometry": {
        "type": "Point",
        "coordinates": [
          7.657627,
          45.0631027
        ]
      }
    },
    {
      "type": "Feature",
      "properties": {
        "highway": "footway"
      },
      "geometry": {
        "type": "Point",
        "coordinates": [
          7.657661,
          45.0631494
        ]
      }
    },
    {
      "type": "Feature",
      "properties": {
        "crossing": "marked",
        "crossing:markings": "yes",
        "footway": "crossing",
        "highway": "footway",
        "surface": "asphalt"
      },
      "geometry": {
        "type": "Point",
        "coordinates": [
          7.6572729,
          45.0633728
        ]
      }
    },
    {
      "type": "Feature",
      "properties": {
        "highway": "footway",
        "lit": "yes",
        "surface": "asphalt"
      },
      "geometry": {
        "type": "Point",
        "coordinates": [
          7.6584807,
          45.062972
        ]
      }
    },
    {
      "type": "Feature",
      "properties": {
        "highway": "steps",
        "lit": "yes"
      },
      "geometry": {
        "type": "Point",
        "coordinates": [
          7.6584275,
          45.0629895
        ]
      }
    },
    {
      "type": "Feature",
      "properties": {
        "crossing": "marked",
        "crossing:markings": "yes",
        "footway": "crossing",
        "highway": "footway",
        "surface": "asphalt"
      },
      "geometry": {
        "type": "Point",
        "coordinates": [
          7.6570854,
          45.0634013
        ]
      }
    },
    {
      "type": "Feature",
      "properties": {
        "highway": "footway",
        "lit": "yes"
      },
      "geometry": {
        "type": "Point",
        "coordinates": [
          7.6579404,
          45.0631667
        ]
      }
    },
    {
      "type": "Feature",
      "properties": {
        "crossing": "marked",
        "crossing:markings": "yes",
        "footway": "crossing",
        "highway": "footway",
        "lit": "yes",
        "surface": "asphalt"
      },
      "geometry": {
        "type": "Point",
        "coordinates": [
          7.6573964,
          45.0633638
        ]
      }
    },
    {
      "type": "Feature",
      "properties": {
        "crossing": "marked",
        "crossing:markings": "yes",
        "footway": "crossing",
        "highway": "footway"
      },
      "geometry": {
        "type": "Point",
        "coordinates": [
          7.6577066,
          45.0632126
        ]
      }
    },
    {
      "type": "Feature",
      "properties": {
        "footway": "sidewalk",
        "highway": "footway"
      },
      "geometry": {
        "type": "Point",
        "coordinates": [
          7.6576331,
          45.0632112
        ]
      }
    },
    {
      "type": "Feature",
      "properties": {
        "crossing": "marked",
        "crossing:markings": "yes",
        "footway": "crossing",
        "highway": "footway",
        "surface": "asphalt"
      },
      "geometry": {
        "type": "Point",
        "coordinates": [
          7.6580278,
          45.0630991
        ]
      }
    },
    {
      "type": "Feature",
      "properties": {
        "covered": "yes",
        "highway": "footway"
      },
      "geometry": {
        "type": "Point",
        "coordinates": [
          7.6575066,
          45.0631379
        ]
      }
    },
    {
      "type": "Feature",
      "properties": {
        "highway": "footway"
      },
      "geometry": {
        "type": "Point",
        "coordinates": [
          7.6574005,
          45.0631718
        ]
      }
    },
    {
      "type": "Feature",
      "properties": {
        "covered": "yes",
        "highway": "footway",
        "surface": "asphalt"
      },
      "geometry": {
        "type": "Point",
        "coordinates": [
          7.6579623,
          45.0627073
        ]
      }
    },
    {
      "type": "Feature",
      "properties": {
        "handrail": "yes",
        "highway": "steps",
        "incline": "down",
        "surface": "paving_stones"
      },
      "geometry": {
        "type": "Point",
        "coordinates": [
          7.657996,
          45.0626963
        ]
      }
    },
    {
      "type": "Feature",
      "properties": {
        "covered": "yes",
        "highway": "footway",
        "surface": "asphalt"
      },
      "geometry": {
        "type": "Point",
        "coordinates": [
          7.6580293,
          45.0628023
        ]
      }
    },
    {
      "type": "Feature",
      "properties": {
        "cycleway:both": "no",
        "highway": "residential",
        "lanes": "1",
        "lit": "yes",
        "maxspeed": "30",
        "name": "Corso Duca degli Abruzzi",
        "oneway": "yes",
        "parking:left": "lane",
        "parking:left:fee": "yes",
        "parking:left:orientation": "diagonal",
        "parking:right": "lane",
        "parking:right:fee": "yes",
        "parking:right:orientation": "parallel",
        "sidewalk": "both",
        "smoothness": "good",
        "source:maxspeed": "sign",
        "surface": "asphalt"
      },
      "geometry": {
        "type": "Point",
        "coordinates": [
          7.6632933,
          45.0635884
        ]
      }
    },
    {
      "type": "Feature",
      "properties": {
        "highway": "footway",
        "level": "-1",
        "surface": "paving_stones"
      },
      "geometry": {
        "type": "Point",
        "coordinates": [
          7.6586512,
          45.065679
        ]
      }
    },
    {
      "type": "Feature",
      "properties": {
        "highway": "footway",
        "level": "-1",
        "surface": "paving_stones"
      },
      "geometry": {
        "type": "Point",
        "coordinates": [
          7.6584024,
          45.0653238
        ]
      }
    },
    {
      "type": "Feature",
      "properties": {
        "area": "yes",
        "highway": "pedestrian",
        "layer": "1",
        "level": "0",
        "surface": "wood"
      },
      "geometry": {
        "type": "Point",
        "coordinates": [
          7.6584875,
          45.0651031
        ]
      }
    },
    {
      "type": "Feature",
      "properties": {
        "area": "yes",
        "highway": "pedestrian",
        "layer": "1",
        "level": "0",
        "surface": "wood"
      },
      "geometry": {
        "type": "Point",
        "coordinates": [
          7.6587147,
          45.0654286
        ]
      }
    },
    {
      "type": "Feature",
      "properties": {
        "area": "yes",
        "highway": "pedestrian",
        "layer": "1",
        "level": "0",
        "surface": "wood"
      },
      "geometry": {
        "type": "Point",
        "coordinates": [
          7.6589414,
          45.0657533
        ]
      }
    },
    {
      "type": "Feature",
      "properties": {
        "highway": "footway"
      },
      "geometry": {
        "type": "Point",
        "coordinates": [
          7.6595439,
          45.0658435
        ]
      }
    },
    {
      "type": "Feature",
      "properties": {
        "area": "yes",
        "highway": "pedestrian",
        "layer": "1",
        "level": "0",
        "surface": "wood"
      },
      "geometry": {
        "type": "Point",
        "coordinates": [
          7.6585636,
          45.0658852
        ]
      }
    },
    {
      "type": "Feature",
      "properties": {
        "area": "yes",
        "highway": "pedestrian",
        "layer": "1",
        "level": "0",
        "surface": "wood"
      },
      "geometry": {
        "type": "Point",
        "coordinates": [
          7.658335,
          45.0655597
        ]
      }
    },
    {
      "type": "Feature",
      "properties": {
        "area": "yes",
        "highway": "pedestrian",
        "layer": "1",
        "level": "0",
        "surface": "wood"
      },
      "geometry": {
        "type": "Point",
        "coordinates": [
          7.6581082,
          45.0652365
        ]
      }
    },
    {
      "type": "Feature",
      "properties": {
        "highway": "footway",
        "surface": "asphalt"
      },
      "geometry": {
        "type": "Point",
        "coordinates": [
          7.6587829,
          45.0647033
        ]
      }
    },
    {
      "type": "Feature",
      "properties": {
        "highway": "footway",
        "lit": "yes",
        "surface": "asphalt"
      },
      "geometry": {
        "type": "Point",
        "coordinates": [
          7.6590578,
          45.0646052
        ]
      }
    },
    {
      "type": "Feature",
      "properties": {
        "highway": "footway"
      },
      "geometry": {
        "type": "Point",
        "coordinates": [
          7.6576944,
          45.0650826
        ]
      }
    },
    {
      "type": "Feature",
      "properties": {
        "highway": "service",
        "motor_vehicle": "private",
        "smoothness": "excellent",
        "surface": "asphalt"
      },
      "geometry": {
        "type": "Point",
        "coordinates": [
          7.657316,
          45.0651675
        ]
      }
    },
    {
      "type": "Feature",
      "properties": {
        "highway": "footway",
        "surface": "asphalt"
      },
      "geometry": {
        "type": "Point",
        "coordinates": [
          7.6592672,
          45.064537
        ]
      }
    },
    {
      "type": "Feature",
      "properties": {
        "highway": "footway"
      },
      "geometry": {
        "type": "Point",
        "coordinates": [
          7.6595033,
          45.0643922
        ]
      }
    },
    {
      "type": "Feature",
      "properties": {
        "area": "yes",
        "highway": "pedestrian",
        "lit": "yes",
        "surface": "sett"
      },
      "geometry": {
        "type": "Point",
        "coordinates": [
          7.6624035,
          45.0624402
        ]
      }
    },
    {
      "type": "Feature",
      "properties": {
        "area": "yes",
        "highway": "pedestrian",
        "lit": "yes",
        "surface": "sett"
      },
      "geometry": {
        "type": "Point",
        "coordinates": [
          7.6625222,
          45.0624119
        ]
      }
    },
    {
      "type": "Feature",
      "properties": {
        "crossing": "marked",
        "crossing:markings": "yes",
        "footway": "crossing",
        "highway": "footway",
        "lit": "yes",
        "surface": "sett",
        "traffic_calming": "table"
      },
      "geometry": {
        "type": "Point",
        "coordinates": [
          7.6624425,
          45.0624322
        ]
      }
    },
    {
      "type": "Feature",
      "properties": {
        "footway": "sidewalk",
        "highway": "footway",
        "surface": "asphalt"
      },
      "geometry": {
        "type": "Point",
        "coordinates": [
          7.657432,
          45.0675565
        ]
      }
    },
    {
      "type": "Feature",
      "properties": {
        "footway": "sidewalk",
        "highway": "footway"
      },
      "geometry": {
        "type": "Point",
        "coordinates": [
          7.6561185,
          45.0676165
        ]
      }
    },
    {
      "type": "Feature",
      "properties": {
        "footway": "sidewalk",
        "highway": "footway",
        "surface": "asphalt"
      },
      "geometry": {
        "type": "Point",
        "coordinates": [
          7.656144,
          45.0675423
        ]
      }
    },
    {
      "type": "Feature",
      "properties": {
        "footway": "sidewalk",
        "highway": "footway"
      },
      "geometry": {
        "type": "Point",
        "coordinates": [
          7.6558787,
          45.0672845
        ]
      }
    },
    {
      "type": "Feature",
      "properties": {
        "highway": "residential",
        "lanes": "1",
        "lit": "yes",
        "maxspeed": "50",
        "name": "Via Paolo Borsellino",
        "name:etymology:wikidata": "Q312302",
        "oneway": "yes",
        "surface": "asphalt"
      },
      "geometry": {
        "type": "Point",
        "coordinates": [
          7.6560947,
          45.0670946
        ]
      }
    },
    {
      "type": "Feature",
      "properties": {
        "footway": "sidewalk",
        "highway": "footway",
        "surface": "asphalt"
      },
      "geometry": {
        "type": "Point",
        "coordinates": [
          7.6562005,
          45.0671337
        ]
      }
    },
    {
      "type": "Feature",
      "properties": {
        "footway": "sidewalk",
        "highway": "footway"
      },
      "geometry": {
        "type": "Point",
        "coordinates": [
          7.6566687,
          45.0668337
        ]
      }
    },
    {
      "type": "Feature",
      "properties": {
        "footway": "sidewalk",
        "highway": "footway"
      },
      "geometry": {
        "type": "Point",
        "coordinates": [
          7.6559009,
          45.0671656
        ]
      }
    },
    {
      "type": "Feature",
      "properties": {
        "footway": "sidewalk",
        "highway": "footway"
      },
      "geometry": {
        "type": "Point",
        "coordinates": [
          7.6564041,
          45.0662213
        ]
      }
    },
    {
      "type": "Feature",
      "properties": {
        "footway": "sidewalk",
        "highway": "footway"
      },
      "geometry": {
        "type": "Point",
        "coordinates": [
          7.6559817,
          45.0675407
        ]
      }
    },
    {
      "type": "Feature",
      "properties": {
        "footway": "sidewalk",
        "highway": "footway"
      },
      "geometry": {
        "type": "Point",
        "coordinates": [
          7.6586809,
          45.0679935
        ]
      }
    },
    {
      "type": "Feature",
      "properties": {
        "highway": "service",
        "oneway": "yes",
        "service": "parking_aisle",
        "surface": "asphalt"
      },
      "geometry": {
        "type": "Point",
        "coordinates": [
          7.6577256,
          45.0677256
        ]
      }
    },
    {
      "type": "Feature",
      "properties": {
        "highway": "service",
        "oneway": "yes",
        "service": "parking_aisle",
        "surface": "asphalt"
      },
      "geometry": {
        "type": "Point",
        "coordinates": [
          7.6579126,
          45.0676591
        ]
      }
    },
    {
      "type": "Feature",
      "properties": {
        "access": "permissive",
        "highway": "service",
        "oneway": "yes",
        "surface": "asphalt"
      },
      "geometry": {
        "type": "Point",
        "coordinates": [
          7.6566758,
          45.0668937
        ]
      }
    },
    {
      "type": "Feature",
      "properties": {
        "building": "yes"
      },
      "geometry": {
        "type": "Point",
        "coordinates": [
          7.6565598,
          45.0630558
        ]
      }
    },
    {
      "type": "Feature",
      "properties": {
        "covered": "building_passage",
        "crossing": "marked",
        "crossing:markings": "yes",
        "footway": "crossing",
        "highway": "footway",
        "layer": "0",
        "lit": "yes",
        "surface": "asphalt"
      },
      "geometry": {
        "type": "Point",
        "coordinates": [
          7.6595648,
          45.0641808
        ]
      }
    },
    {
      "type": "Feature",
      "properties": {
        "covered": "building_passage",
        "crossing": "marked",
        "crossing:markings": "yes",
        "footway": "crossing",
        "highway": "footway",
        "layer": "0",
        "lit": "yes",
        "surface": "asphalt"
      },
      "geometry": {
        "type": "Point",
        "coordinates": [
          7.6601108,
          45.0639868
        ]
      }
    },
    {
      "type": "Feature",
      "properties": {
        "highway": "footway"
      },
      "geometry": {
        "type": "Point",
        "coordinates": [
          7.6595264,
          45.0658086
        ]
      }
    },
    {
      "type": "Feature",
      "properties": {
        "covered": "building_passage",
        "crossing": "marked",
        "crossing:markings": "yes",
        "footway": "crossing",
        "highway": "footway",
        "layer": "0",
        "lit": "yes",
        "smoothness": "good",
        "surface": "paving_stones"
      },
      "geometry": {
        "type": "Point",
        "coordinates": [
          7.6593738,
          45.0627933
        ]
      }
    },
    {
      "type": "Feature",
      "properties": {
        "building": "university",
        "building:levels": "1"
      },
      "geometry": {
        "type": "Point",
        "coordinates": [
          7.6613438,
          45.0624644
        ]
      }
    },
    {
      "type": "Feature",
      "properties": {
        "bicycle": "designated",
        "foot": "designated",
        "highway": "cycleway",
        "lit": "yes",
        "oneway": "no",
        "segregated": "yes",
        "smoothness": "good",
        "surface": "paving_stones"
      },
      "geometry": {
        "type": "Point",
        "coordinates": [
          7.6590418,
          45.0620816
        ]
      }
    },
    {
      "type": "Feature",
      "properties": {
        "cycleway:both": "no",
        "highway": "residential",
        "lit": "yes",
        "maxspeed": "50",
        "maxspeed:type": "sign",
        "name": "Via Francesco Morosini",
        "name:etymology:wikidata": "Q34481",
        "oneway": "yes",
        "surface": "asphalt"
      },
      "geometry": {
        "type": "Point",
        "coordinates": [
          7.6621358,
          45.0651715
        ]
      }
    },
    {
      "type": "Feature",
      "properties": {
        "change:lanes": "no|no",
        "cycleway:both": "no",
        "highway": "secondary",
        "lanes": "2",
        "lit": "yes",
        "maxspeed": "50",
        "maxspeed:type": "sign",
        "name": "Corso Stati Uniti",
        "name:etymology:wikidata": "Q30",
        "old_name": "Corso Duca di Genova",
        "oneway": "yes",
        "sidewalk": "right",
        "sidewalk:right:surface": "paving_stones",
        "surface": "asphalt"
      },
      "geometry": {
        "type": "Point",
        "coordinates": [
          7.6626653,
          45.0656937
        ]
      }
    },
    {
      "type": "Feature",
      "properties": {
        "cycleway:both": "no",
        "foot": "no",
        "highway": "secondary",
        "lanes": "2",
        "lit": "yes",
        "maxspeed": "50",
        "maxspeed:type": "sign",
        "name": "Corso Stati Uniti",
        "name:etymology:wikidata": "Q30",
        "oneway": "yes",
        "sidewalk": "no",
        "source": "TCI, Guida d'Italia, 1914",
        "surface": "asphalt"
      },
      "geometry": {
        "type": "Point",
        "coordinates": [
          7.6614277,
          45.0664156
        ]
      }
    },
    {
      "type": "Feature",
      "properties": {
        "cycleway:both": "no",
        "foot": "no",
        "highway": "secondary",
        "lanes": "2",
        "lit": "yes",
        "maxspeed": "50",
        "name": "Corso Castelfidardo",
        "name:etymology:wikidata": "Q123833",
        "oneway": "yes",
        "sidewalk": "no",
        "source": "TCI, Guida d'Italia, 1914",
        "surface": "asphalt"
      },
      "geometry": {
        "type": "Point",
        "coordinates": [
          7.6613517,
          45.0661135
        ]
      }
    },
    {
      "type": "Feature",
      "properties": {
        "cycleway:both": "no",
        "highway": "secondary",
        "lanes": "3",
        "lit": "yes",
        "maxspeed": "50",
        "name": "Corso Castelfidardo",
        "name:etymology:wikidata": "Q123833",
        "oneway": "yes",
        "smoothness": "good",
        "source": "TCI, Guida d'Italia, 1914",
        "surface": "asphalt"
      },
      "geometry": {
        "type": "Point",
        "coordinates": [
          7.6613956,
          45.0665097
        ]
      }
    },
    {
      "type": "Feature",
      "properties": {
        "highway": "tertiary",
        "lanes": "1",
        "lit": "yes",
        "name": "Via Fratelli Bandiera",
        "oneway": "yes",
        "sidewalk": "both",
        "surface": "asphalt"
      },
      "geometry": {
        "type": "Point",
        "coordinates": [
          7.6561987,
          45.0656454
        ]
      }
    },
    {
      "type": "Feature",
      "properties": {
        "highway": "tertiary",
        "lanes": "1",
        "lit": "yes",
        "name": "Via Fratelli Bandiera",
        "oneway": "yes",
        "sidewalk:both": "separate",
        "surface": "asphalt"
      },
      "geometry": {
        "type": "Point",
        "coordinates": [
          7.6561809,
          45.0655664
        ]
      }
    },
    {
      "type": "Feature",
      "properties": {
        "change:lanes:forward": "no|no",
        "cycleway:both": "no",
        "highway": "secondary",
        "lanes": "4",
        "lit": "yes",
        "name": "Corso Francesco Ferrucci",
        "name:etymology:wikidata": "Q581799",
        "parking:both": "no",
        "short_name": "Corso Ferrucci",
        "surface": "asphalt"
      },
      "geometry": {
        "type": "Point",
        "coordinates": [
          7.6560039,
          45.062408
        ]
      }
    },
    {
      "type": "Feature",
      "properties": {
        "cycleway:both": "no",
        "highway": "secondary",
        "lanes": "2",
        "lit": "yes",
        "maxspeed": "50",
        "maxspeed:type": "sign",
        "name": "Corso Stati Uniti",
        "name:etymology:wikidata": "Q30",
        "old_name": "Corso Duca di Genova",
        "oneway": "yes",
        "sidewalk": "right",
        "smoothness": "intermediate",
        "surface": "asphalt"
      },
      "geometry": {
        "type": "Point",
        "coordinates": [
          7.6627197,
          45.0656115
        ]
      }
    },
    {
      "type": "Feature",
      "properties": {
        "cycleway:both": "no",
        "highway": "residential",
        "lit": "yes",
        "maxspeed": "50",
        "maxspeed:type": "sign",
        "name": "Via Francesco Morosini",
        "name:etymology:wikidata": "Q34481",
        "oneway": "yes",
        "surface": "asphalt"
      },
      "geometry": {
        "type": "Point",
        "coordinates": [
          7.6625293,
          45.0656995
        ]
      }
    },
    {
      "type": "Feature",
      "properties": {
        "cycleway:both": "no",
        "highway": "secondary",
        "lanes": "2",
        "lit": "yes",
        "maxspeed": "50",
        "maxspeed:type": "sign",
        "name": "Corso Stati Uniti",
        "name:etymology:wikidata": "Q30",
        "old_name": "Corso Duca di Genova",
        "oneway": "yes",
        "sidewalk": "right",
        "sidewalk:right:surface": "paving_stones",
        "surface": "asphalt"
      },
      "geometry": {
        "type": "Point",
        "coordinates": [
          7.6628557,
          45.0656058
        ]
      }
    },
    {
      "type": "Feature",
      "properties": {
        "cycleway:both": "no",
        "highway": "secondary",
        "lanes": "4",
        "lit": "yes",
        "maxspeed": "50",
        "name": "Corso Stati Uniti",
        "name:etymology:wikidata": "Q30",
        "old_name": "Corso Duca di Genova",
        "sidewalk": "right",
        "sidewalk:right:surface": "paving_stones",
        "smoothness": "excellent",
        "source:maxspeed": "sign",
        "surface": "asphalt"
      },
      "geometry": {
        "type": "Point",
        "coordinates": [
          7.6630734,
          45.0655105
        ]
      }
    },
    {
      "type": "Feature",
      "properties": {
        "highway": "residential",
        "lit": "yes",
        "name": "Via Luigi Colli",
        "name:etymology:wikidata": "Q3262570",
        "oneway": "yes",
        "surface": "asphalt"
      },
      "geometry": {
        "type": "Point",
        "coordinates": [
          7.6630628,
          45.0648706
        ]
      }
    },
    {
      "type": "Feature",
      "properties": {
        "change:lanes:backward": "no|no",
        "cycleway:both": "no",
        "highway": "secondary",
        "lanes": "4",
        "lit": "yes",
        "maxspeed": "50",
        "name": "Corso Stati Uniti",
        "name:etymology:wikidata": "Q30",
        "old_name": "Corso Duca di Genova",
        "sidewalk": "right",
        "sidewalk:right:surface": "paving_stones",
        "smoothness": "excellent",
        "source:maxspeed": "sign",
        "surface": "asphalt"
      },
      "geometry": {
        "type": "Point",
        "coordinates": [
          7.6635155,
          45.0653473
        ]
      }
    },
    {
      "type": "Feature",
      "properties": {
        "change:lanes:forward": "no|no",
        "cycleway:both": "no",
        "highway": "secondary",
        "lanes": "4",
        "lit": "yes",
        "maxspeed": "50",
        "name": "Corso Stati Uniti",
        "name:etymology:wikidata": "Q30",
        "old_name": "Corso Duca di Genova",
        "sidewalk": "right",
        "sidewalk:right:surface": "paving_stones",
        "smoothness": "excellent",
        "source:maxspeed": "sign",
        "surface": "asphalt"
      },
      "geometry": {
        "type": "Point",
        "coordinates": [
          7.6633172,
          45.0654196
        ]
      }
    },
    {
      "type": "Feature",
      "properties": {
        "highway": "tertiary",
        "lanes": "1",
        "lit": "yes",
        "name": "Via Fratelli Bandiera",
        "oneway": "yes",
        "sidewalk:both": "separate",
        "surface": "asphalt"
      },
      "geometry": {
        "type": "Point",
        "coordinates": [
          7.6569191,
          45.06566
        ]
      }
    },
    {
      "type": "Feature",
      "properties": {
        "highway": "residential",
        "lanes": "1",
        "oneway": "yes",
        "surface": "asphalt"
      },
      "geometry": {
        "type": "Point",
        "coordinates": [
          7.6568293,
          45.0655567
        ]
      }
    },
    {
      "type": "Feature",
      "properties": {
        "cycleway:both": "no",
        "highway": "tertiary",
        "lanes": "3",
        "lanes:backward": "2",
        "lanes:forward": "1",
        "lit": "yes",
        "name": "Via Paolo Borsellino",
        "name:etymology:wikidata": "Q312302",
        "oneway": "no",
        "sidewalk": "both",
        "surface": "asphalt"
      },
      "geometry": {
        "type": "Point",
        "coordinates": [
          7.6570431,
          45.0657859
        ]
      }
    },
    {
      "type": "Feature",
      "properties": {
        "highway": "residential",
        "lanes": "1",
        "lit": "yes",
        "maxspeed": "50",
        "name": "Via Paolo Borsellino",
        "name:etymology:wikidata": "Q312302",
        "oneway": "yes",
        "surface": "asphalt"
      },
      "geometry": {
        "type": "Point",
        "coordinates": [
          7.6566758,
          45.0668937
        ]
      }
    },
    {
      "type": "Feature",
      "properties": {
        "highway": "residential",
        "lit": "yes",
        "name": "Via Luigi Colli",
        "name:etymology:wikidata": "Q3262570",
        "oneway": "yes",
        "surface": "asphalt"
      },
      "geometry": {
        "type": "Point",
        "coordinates": [
          7.6634993,
          45.0654964
        ]
      }
    },
    {
      "type": "Feature",
      "properties": {
        "cycleway:both": "no",
        "highway": "residential",
        "lanes": "1",
        "lit": "yes",
        "maxspeed": "30",
        "maxspeed:type": "sign",
        "name": "Corso Stati Uniti",
        "name:etymology:wikidata": "Q30",
        "oneway": "yes",
        "sidewalk": "right",
        "surface": "asphalt"
      },
      "geometry": {
        "type": "Point",
        "coordinates": [
          7.6620699,
          45.0663106
        ]
      }
    },
    {
      "type": "Feature",
      "properties": {
        "bicycle": "designated",
        "crossing": "traffic_signals",
        "crossing:island": "yes",
        "crossing:markings": "zebra",
        "cycleway": "crossing",
        "foot": "designated",
        "highway": "cycleway",
        "lit": "yes",
        "oneway": "no",
        "surface": "paving_stones",
        "tactile_paving": "no"
      },
      "geometry": {
        "type": "Point",
        "coordinates": [
          7.6620717,
          45.0658557
        ]
      }
    },
    {
      "type": "Feature",
      "properties": {
        "highway": "footway",
        "surface": "asphalt"
      },
      "geometry": {
        "type": "Point",
        "coordinates": [
          7.6585097,
          45.0647989
        ]
      }
    },
    {
      "type": "Feature",
      "properties": {
        "amenity": "food_court",
        "indoor": "area",
        "level": "0",
        "name": "Mensa Universitaria EDISU",
        "opening_hours": "Mo-Fr 11:30-14:00, 19:00-20:00; Sa 12:00-14:00, 19:00-20:00; Su off",
        "operator": "EDISU"
      },
      "geometry": {
        "type": "Point",
        "coordinates": [
          7.6594829,
          45.0650194
        ]
      }
    },
    {
      "type": "Feature",
      "properties": {
        "access": "yes",
        "highway": "elevator",
        "indoor": "room",
        "level": "0;1",
        "room": "elevator",
        "wheelchair": "yes"
      },
      "geometry": {
        "type": "Point",
        "coordinates": [
          7.6592964,
          45.0650975
        ]
      }
    },
    {
      "type": "Feature",
      "properties": {
        "access": "yes",
        "amenity": "toilets",
        "fee": "no",
        "female": "yes",
        "indoor": "room",
        "level": "0",
        "male": "yes",
        "toilets:disposal": "flush",
        "toilets:position": "seated",
        "wheelchair": "yes"
      },
      "geometry": {
        "type": "Point",
        "coordinates": [
          7.6592292,
          45.06523
        ]
      }
    },
    {
      "type": "Feature",
      "properties": {
        "access": "yes",
        "highway": "elevator",
        "indoor": "room",
        "level": "-1;0",
        "name": "elevator",
        "room": "elevator",
        "wheelchair": "yes"
      },
      "geometry": {
        "type": "Point",
        "coordinates": [
          7.6582059,
          45.0650404
        ]
      }
    },
    {
      "type": "Feature",
      "properties": {
        "access": "yes",
        "highway": "elevator",
        "indoor": "room",
        "level": "-1;0",
        "room": "elevator",
        "wheelchair": "yes"
      },
      "geometry": {
        "type": "Point",
        "coordinates": [
          7.6588498,
          45.0659586
        ]
      }
    },
    {
      "type": "Feature",
      "properties": {
        "access": "yes",
        "amenity": "toilets",
        "fee": "no",
        "female": "yes",
        "indoor": "room",
        "level": "-1",
        "male": "yes",
        "toilets:disposal": "flush",
        "toilets:position": "seated",
        "wheelchair": "yes"
      },
      "geometry": {
        "type": "Point",
        "coordinates": [
          7.6586568,
          45.0660497
        ]
      }
    },
    {
      "type": "Feature",
      "properties": {
        "access": "yes",
        "amenity": "toilets",
        "fee": "no",
        "female": "yes",
        "indoor": "room",
        "level": "-1",
        "male": "yes",
        "toilets:disposal": "flush",
        "toilets:position": "seated",
        "wheelchair": "yes"
      },
      "geometry": {
        "type": "Point",
        "coordinates": [
          7.6590763,
          45.0659028
        ]
      }
    },
    {
      "type": "Feature",
      "properties": {
        "access": "yes",
        "amenity": "toilets",
        "fee": "no",
        "female": "yes",
        "indoor": "room",
        "level": "-1",
        "male": "yes",
        "toilets:disposal": "flush",
        "toilets:position": "seated",
        "wheelchair": "yes"
      },
      "geometry": {
        "type": "Point",
        "coordinates": [
          7.6584106,
          45.0649596
        ]
      }
    },
    {
      "type": "Feature",
      "properties": {
        "access": "yes",
        "amenity": "toilets",
        "fee": "no",
        "female": "yes",
        "indoor": "room",
        "level": "-1",
        "male": "yes",
        "toilets:disposal": "flush",
        "toilets:position": "seated",
        "wheelchair": "yes"
      },
      "geometry": {
        "type": "Point",
        "coordinates": [
          7.6579807,
          45.0651116
        ]
      }
    },
    {
      "type": "Feature",
      "properties": {
        "amenity": "bench",
        "level": "-1"
      },
      "geometry": {
        "type": "Point",
        "coordinates": [
          7.6587229,
          45.0658611
        ]
      }
    },
    {
      "type": "Feature",
      "properties": {
        "amenity": "bench",
        "level": "-1"
      },
      "geometry": {
        "type": "Point",
        "coordinates": [
          7.6588099,
          45.0658295
        ]
      }
    },
    {
      "type": "Feature",
      "properties": {
        "amenity": "bench",
        "level": "-1"
      },
      "geometry": {
        "type": "Point",
        "coordinates": [
          7.6585466,
          45.0655349
        ]
      }
    },
    {
      "type": "Feature",
      "properties": {
        "amenity": "bench",
        "level": "-1"
      },
      "geometry": {
        "type": "Point",
        "coordinates": [
          7.6584981,
          45.0654657
        ]
      }
    },
    {
      "type": "Feature",
      "properties": {
        "amenity": "bench",
        "level": "-1"
      },
      "geometry": {
        "type": "Point",
        "coordinates": [
          7.658419,
          45.0653529
        ]
      }
    },
    {
      "type": "Feature",
      "properties": {
        "amenity": "bench",
        "level": "-1"
      },
      "geometry": {
        "type": "Point",
        "coordinates": [
          7.6583716,
          45.0652913
        ]
      }
    },
    {
      "type": "Feature",
      "properties": {
        "amenity": "bench",
        "level": "-1"
      },
      "geometry": {
        "type": "Point",
        "coordinates": [
          7.6582315,
          45.0651694
        ]
      }
    },
    {
      "type": "Feature",
      "properties": {
        "amenity": "bench",
        "level": "-1"
      },
      "geometry": {
        "type": "Point",
        "coordinates": [
          7.6583225,
          45.0651373
        ]
      }
    },
    {
      "type": "Feature",
      "properties": {
        "amenity": "bench",
        "level": "-1",
        "material": "plastic",
        "seats": "3"
      },
      "geometry": {
        "type": "Point",
        "coordinates": [
          7.6582614,
          45.0649466
        ]
      }
    },
    {
      "type": "Feature",
      "properties": {
        "amenity": "bench",
        "level": "-1"
      },
      "geometry": {
        "type": "Point",
        "coordinates": [
          7.658622,
          45.0656455
        ]
      }
    },
    {
      "type": "Feature",
      "properties": {
        "access": "yes",
        "amenity": "toilets",
        "fee": "no",
        "female": "yes",
        "indoor": "room",
        "level": "0",
        "male": "yes",
        "toilets:disposal": "flush",
        "toilets:position": "seated",
        "wheelchair": "yes"
      },
      "geometry": {
        "type": "Point",
        "coordinates": [
          7.658905,
          45.0649836
        ]
      }
    },
    {
      "type": "Feature",
      "properties": {
        "crossing": "traffic_signals",
        "footway": "crossing",
        "highway": "footway",
        "lit": "yes",
        "surface": "asphalt"
      },
      "geometry": {
        "type": "Point",
        "coordinates": [
          7.656078,
          45.0620298
        ]
      }
    },
    {
      "type": "Feature",
      "properties": {
        "crossing": "traffic_signals",
        "crossing:island": "yes",
        "crossing:markings": "zebra",
        "footway": "crossing",
        "highway": "footway",
        "lit": "yes",
        "surface": "asphalt"
      },
      "geometry": {
        "type": "Point",
        "coordinates": [
          7.6559523,
          45.0624266
        ]
      }
    },
    {
      "type": "Feature",
      "properties": {
        "highway": "footway",
        "lit": "yes"
      },
      "geometry": {
        "type": "Point",
        "coordinates": [
          7.6630208,
          45.0653105
        ]
      }
    },
    {
      "type": "Feature",
      "properties": {
        "highway": "footway"
      },
      "geometry": {
        "type": "Point",
        "coordinates": [
          7.6581695,
          45.0676123
        ]
      }
    },
    {
      "type": "Feature",
      "properties": {
        "footway": "sidewalk",
        "highway": "footway",
        "lit": "yes",
        "smoothness": "intermediate",
        "surface": "asphalt"
      },
      "geometry": {
        "type": "Point",
        "coordinates": [
          7.6630662,
          45.0633774
        ]
      }
    },
    {
      "type": "Feature",
      "properties": {
        "highway": "service",
        "oneway": "yes",
        "service": "parking_aisle",
        "surface": "asphalt"
      },
      "geometry": {
        "type": "Point",
        "coordinates": [
          7.6578974,
          45.0676287
        ]
      }
    },
    {
      "type": "Feature",
      "properties": {
        "highway": "service",
        "oneway": "yes",
        "service": "parking_aisle",
        "surface": "asphalt"
      },
      "geometry": {
        "type": "Point",
        "coordinates": [
          7.6577239,
          45.0677589
        ]
      }
    },
    {
      "type": "Feature",
      "properties": {
        "cycleway:both": "no",
        "highway": "residential",
        "lanes": "1",
        "lit": "yes",
        "maxspeed": "30",
        "maxspeed:type": "sign",
        "name": "Corso Castelfidardo",
        "name:etymology:wikidata": "Q123833",
        "oneway": "yes",
        "sidewalk": "right",
        "source": "TCI, Guida d'Italia, 1914",
        "surface": "unhewn_cobblestone"
      },
      "geometry": {
        "type": "Point",
        "coordinates": [
          7.658119,
          45.0621931
        ]
      }
    },
    {
      "type": "Feature",
      "properties": {
        "covered": "building_passage",
        "crossing": "traffic_signals",
        "crossing:signals": "yes",
        "footway": "crossing",
        "highway": "footway",
        "layer": "0",
        "lit": "yes",
        "smoothness": "good",
        "surface": "paving_stones"
      },
      "geometry": {
        "type": "Point",
        "coordinates": [
          7.6587694,
          45.0630096
        ]
      }
    },
    {
      "type": "Feature",
      "properties": {
        "covered": "building_passage",
        "crossing": "traffic_signals",
        "crossing:signals": "yes",
        "footway": "crossing",
        "highway": "footway",
        "layer": "0",
        "lit": "yes",
        "smoothness": "good",
        "surface": "paving_stones"
      },
      "geometry": {
        "type": "Point",
        "coordinates": [
          7.6589876,
          45.0629306
        ]
      }
    },
    {
      "type": "Feature",
      "properties": {
        "covered": "building_passage",
        "crossing": "traffic_signals",
        "crossing:signals": "yes",
        "footway": "crossing",
        "highway": "footway",
        "layer": "0",
        "lit": "yes",
        "surface": "asphalt"
      },
      "geometry": {
        "type": "Point",
        "coordinates": [
          7.6590819,
          45.0628968
        ]
      }
    },
    {
      "type": "Feature",
      "properties": {
        "covered": "building_passage",
        "crossing": "traffic_signals",
        "crossing:signals": "yes",
        "footway": "crossing",
        "highway": "footway",
        "layer": "0",
        "lit": "yes",
        "smoothness": "good",
        "surface": "paving_stones"
      },
      "geometry": {
        "type": "Point",
        "coordinates": [
          7.6591883,
          45.0628589
        ]
      }
    },
    {
      "type": "Feature",
      "properties": {
        "footway": "sidewalk",
        "highway": "footway",
        "lit": "yes",
        "surface": "paving_stones"
      },
      "geometry": {
        "type": "Point",
        "coordinates": [
          7.6641375,
          45.0628104
        ]
      }
    },
    {
      "type": "Feature",
      "properties": {
        "highway": "footway",
        "lit": "yes",
        "surface": "asphalt"
      },
      "geometry": {
        "type": "Point",
        "coordinates": [
          7.6630339,
          45.0622299
        ]
      }
    },
    {
      "type": "Feature",
      "properties": {
        "amenity": "parking_space",
        "capacity": "1",
        "fixme": "check",
        "orientation": "perpendicular",
        "parking": "surface",
        "parking_space": "disabled",
        "surface": "asphalt"
      },
      "geometry": {
        "type": "Point",
        "coordinates": [
          7.6572384,
          45.0623513
        ]
      }
    },
    {
      "type": "Feature",
      "properties": {
        "amenity": "parking_space",
        "capacity": "1",
        "orientation": "perpendicular",
        "parking": "surface",
        "parking_space": "disabled",
        "surface": "asphalt"
      },
      "geometry": {
        "type": "Point",
        "coordinates": [
          7.6571938,
          45.0622491
        ]
      }
    },
    {
      "type": "Feature",
      "properties": {
        "amenity": "parking_space",
        "capacity": "1",
        "orientation": "perpendicular",
        "parking": "surface",
        "parking_space": "disabled",
        "surface": "asphalt"
      },
      "geometry": {
        "type": "Point",
        "coordinates": [
          7.6571144,
          45.0622774
        ]
      }
    },
    {
      "type": "Feature",
      "properties": {
        "amenity": "parking_space",
        "capacity": "1",
        "orientation": "diagonal",
        "parking": "surface",
        "parking_space": "disabled",
        "surface": "asphalt"
      },
      "geometry": {
        "type": "Point",
        "coordinates": [
          7.6583753,
          45.0627326
        ]
      }
    },
    {
      "type": "Feature",
      "properties": {
        "amenity": "parking_space",
        "capacity": "1",
        "orientation": "diagonal",
        "parking": "surface",
        "parking_space": "normal",
        "surface": "asphalt"
      },
      "geometry": {
        "type": "Point",
        "coordinates": [
          7.6580237,
          45.0622322
        ]
      }
    },
    {
      "type": "Feature",
      "properties": {
        "amenity": "parking_space",
        "capacity": "1",
        "orientation": "diagonal",
        "parking": "surface",
        "parking_space": "normal",
        "surface": "asphalt"
      },
      "geometry": {
        "type": "Point",
        "coordinates": [
          7.6580429,
          45.0622595
        ]
      }
    },
    {
      "type": "Feature",
      "properties": {
        "amenity": "parking_space",
        "capacity": "1",
        "orientation": "diagonal",
        "parking": "surface",
        "parking_space": "normal",
        "surface": "asphalt"
      },
      "geometry": {
        "type": "Point",
        "coordinates": [
          7.6580622,
          45.062287
        ]
      }
    },
    {
      "type": "Feature",
      "properties": {
        "amenity": "parking_space",
        "capacity": "1",
        "orientation": "diagonal",
        "parking": "surface",
        "parking_space": "normal",
        "surface": "asphalt"
      },
      "geometry": {
        "type": "Point",
        "coordinates": [
          7.6580815,
          45.0623144
        ]
      }
    },
    {
      "type": "Feature",
      "properties": {
        "amenity": "parking_space",
        "capacity": "1",
        "orientation": "diagonal",
        "parking": "surface",
        "parking_space": "normal",
        "surface": "asphalt"
      },
      "geometry": {
        "type": "Point",
        "coordinates": [
          7.6581008,
          45.0623417
        ]
      }
    },
    {
      "type": "Feature",
      "properties": {
        "amenity": "parking_space",
        "capacity": "1",
        "orientation": "diagonal",
        "parking": "surface",
        "parking_space": "normal",
        "surface": "asphalt"
      },
      "geometry": {
        "type": "Point",
        "coordinates": [
          7.65812,
          45.0623691
        ]
      }
    },
    {
      "type": "Feature",
      "properties": {
        "amenity": "parking_space",
        "capacity": "1",
        "orientation": "diagonal",
        "parking": "surface",
        "parking_space": "normal",
        "surface": "asphalt"
      },
      "geometry": {
        "type": "Point",
        "coordinates": [
          7.6581394,
          45.0623965
        ]
      }
    },
    {
      "type": "Feature",
      "properties": {
        "amenity": "parking_space",
        "capacity": "1",
        "orientation": "diagonal",
        "parking": "surface",
        "parking_space": "normal",
        "surface": "asphalt"
      },
      "geometry": {
        "type": "Point",
        "coordinates": [
          7.6581586,
          45.0624239
        ]
      }
    },
    {
      "type": "Feature",
      "properties": {
        "amenity": "parking_space",
        "capacity": "1",
        "orientation": "diagonal",
        "parking": "surface",
        "parking_space": "normal",
        "surface": "asphalt"
      },
      "geometry": {
        "type": "Point",
        "coordinates": [
          7.6581779,
          45.0624513
        ]
      }
    },
    {
      "type": "Feature",
      "properties": {
        "amenity": "parking_space",
        "capacity": "1",
        "orientation": "diagonal",
        "parking": "surface",
        "parking_space": "normal",
        "surface": "asphalt"
      },
      "geometry": {
        "type": "Point",
        "coordinates": [
          7.6581971,
          45.0624787
        ]
      }
    },
    {
      "type": "Feature",
      "properties": {
        "amenity": "parking_space",
        "capacity": "1",
        "orientation": "diagonal",
        "parking": "surface",
        "parking_space": "normal",
        "surface": "asphalt"
      },
      "geometry": {
        "type": "Point",
        "coordinates": [
          7.6582164,
          45.0625061
        ]
      }
    },
    {
      "type": "Feature",
      "properties": {
        "amenity": "parking_space",
        "capacity": "1",
        "orientation": "diagonal",
        "parking": "surface",
        "parking_space": "normal",
        "surface": "asphalt"
      },
      "geometry": {
        "type": "Point",
        "coordinates": [
          7.6582357,
          45.0625335
        ]
      }
    },
    {
      "type": "Feature",
      "properties": {
        "amenity": "parking_space",
        "capacity": "1",
        "orientation": "diagonal",
        "parking": "surface",
        "parking_space": "normal",
        "surface": "asphalt"
      },
      "geometry": {
        "type": "Point",
        "coordinates": [
          7.658255,
          45.0625608
        ]
      }
    },
    {
      "type": "Feature",
      "properties": {
        "amenity": "parking_space",
        "capacity": "1",
        "orientation": "diagonal",
        "parking": "surface",
        "parking_space": "normal",
        "surface": "asphalt"
      },
      "geometry": {
        "type": "Point",
        "coordinates": [
          7.6582742,
          45.0625882
        ]
      }
    },
    {
      "type": "Feature",
      "properties": {
        "amenity": "parking_space",
        "capacity": "1",
        "orientation": "diagonal",
        "parking": "surface",
        "parking_space": "normal",
        "surface": "asphalt"
      },
      "geometry": {
        "type": "Point",
        "coordinates": [
          7.6582935,
          45.0626157
        ]
      }
    },
    {
      "type": "Feature",
      "properties": {
        "amenity": "parking_space",
        "capacity": "1",
        "orientation": "diagonal",
        "parking": "surface",
        "parking_space": "normal",
        "surface": "asphalt"
      },
      "geometry": {
        "type": "Point",
        "coordinates": [
          7.6583128,
          45.0626431
        ]
      }
    },
    {
      "type": "Feature",
      "properties": {
        "amenity": "parking_space",
        "capacity": "1",
        "orientation": "diagonal",
        "parking": "surface",
        "parking_space": "normal",
        "surface": "asphalt"
      },
      "geometry": {
        "type": "Point",
        "coordinates": [
          7.6583321,
          45.0626704
        ]
      }
    },
    {
      "type": "Feature",
      "properties": {
        "amenity": "parking_space",
        "capacity": "1",
        "orientation": "diagonal",
        "parking": "surface",
        "parking_space": "normal",
        "surface": "asphalt"
      },
      "geometry": {
        "type": "Point",
        "coordinates": [
          7.6583514,
          45.0626979
        ]
      }
    },
    {
      "type": "Feature",
      "properties": {
        "highway": "residential",
        "lanes": "1",
        "maxspeed": "50",
        "name": "Via Nino Bixio",
        "name:etymology:wikidata": "Q699354",
        "oneway": "yes",
        "surface": "asphalt"
      },
      "geometry": {
        "type": "Point",
        "coordinates": [
          7.6559239,
          45.0673977
        ]
      }
    }
  ]
}